,concave points_mean,radius_worst,texture_worst,concave points_worst,perimeter_mean,radius_se
0,0.7311133200795229,0.6207755247242974,0.1415245202558635,0.9120274914089348,2.35885437867669,2.7765729527353065
1,0.3487574552683896,0.6069014585556741,0.3035714285714286,0.6391752577319588,1.5034589195076518,0.1008012964158449
2,0.6356858846918491,0.5563856278904304,0.3600746268656717,0.8350515463917526,1.4248254967999747,-1.0881868913462769
3,0.5228628230616302,0.2483102098897189,0.3859275053304905,0.8848797250859107,0.8247259383308327,1.989343925999089
4,0.5183896620278331,0.5197438633938101,0.1239339019189766,0.5584192439862543,2.519015160007878,1.825314016253255
5,0.402037773359841,0.2682319459267165,0.312633262260128,0.5982817869415809,0.1874872821523137,-1.6263074589162712
6,0.36779324055666,0.5318392031305585,0.4168443496801706,0.663917525773196,1.8662617403308,0.5463617520127788
7,0.2974652087475149,0.3247954464603343,0.4296375266524521,0.5347079037800687,-1.1879286084079268,0.4153987774408464
8,0.4648608349900597,0.2689434364994664,0.4986673773987207,0.7079037800687286,-1.496417116010452,0.2118499241510565
9,0.4246023856858847,0.2547136250444681,0.763859275053305,0.7594501718213059,-0.0416467064363431,-0.6169707813641718
10,0.1651590457256461,0.4005691924582,0.5826226012793179,0.3427835051546392,-0.6064008219771593,-3.0765020915234973
11,0.3283300198807157,0.4443258626823195,0.4067164179104478,0.6219931271477663,-0.895895739742669,-1.4208762541778912
12,0.5556660039761432,0.4635361081465671,0.4776119402985075,0.6072164948453609,2.2284898772184696,-2.222427924276824
13,0.2666003976143141,0.3169690501600853,0.4168443496801706,0.3845360824742268,-0.1014119199828795,0.6635456748625863
14,0.3988568588469185,0.2525791533262184,0.5327825159914712,0.7587628865979382,1.8990593006868544,-1.767733316044925
15,0.3660039761431412,0.3390252579153326,0.6692430703624735,0.5883161512027492,-0.2187728760089681,1.935556399038004
16,0.2613817097415506,0.3963002490217004,0.5026652452025586,0.5529209621993127,0.44909643283033,-1.4484302526976578
17,0.5109343936381711,0.4635361081465671,0.5186567164179106,0.7123711340206187,-0.5908849228768558,2.413993778797736
18,0.4720675944333996,0.6897901102810388,0.5026652452025586,0.820618556701031,2.241766869680052,2.525863668275776
19,0.237624254473161,0.2554251156172181,0.1929637526652452,0.4426116838487973,0.3475704144756494,0.2274415278165332
20,0.154572564612326,0.2337246531483458,0.2257462686567164,0.2502749140893471,0.8908097950814133,1.9290350875943545
21,0.1031809145129224,0.0818214158662398,0.0970149253731343,0.2139862542955326,-0.8015936890490947,-0.3721879014932494
22,0.4848906560636183,0.3607257203842049,0.1881663113006396,0.8223367697594502,-0.633150628775469,1.158446882035879
23,0.4290258449304175,0.7556029882604056,0.6281982942430705,0.6903780068728522,1.193607874999731,0.1197423862361338
24,0.455765407554672,0.6591960156527926,0.5207889125799574,0.7199312714776632,3.146874525087555,3.0467301940975418
25,0.6963220675944335,0.5094272500889363,0.25,0.8762886597938145,0.0802046953253465,-0.0257972396985427
26,0.436530815109344,0.3447171824973319,0.564765458422175,0.9281786941580756,1.8044890526233768,-2.109368611900887
27,0.3842445328031809,0.4759871931696904,0.4061833688699361,0.5120274914089347,1.7126276744494566,2.536053622814287
28,0.4349403578528827,0.4389896833866951,0.6580490405117272,0.69553264604811,1.8230372851889087,-1.3453254271962525
29,0.3952783300198808,0.4297403059409463,0.1998933901918976,0.500343642611684,-0.2484575149041361,1.1997806468816723
30,0.6182902584493042,0.5414443258626823,0.5860874200426439,0.6350515463917525,-0.1294904810357177,-3.01139369906389
31,0.2575546719681909,0.3162575595873355,0.4291044776119403,0.5312714776632302,-0.8328304203092347,0.9251418523568288
32,0.5979125248508946,0.4606901458555674,0.5349147121535183,0.6347079037800688,0.1237949917437809,-0.0324885727613949
33,0.3773856858846918,0.5770188545001779,0.5031982942430704,0.6134020618556701,2.3024965379785547,0.7068855978923211
34,0.3852882703777336,0.4368552116684454,0.4061833688699361,0.6405498281786942,0.6016148982592224,-0.8426713781660087
35,0.2991053677932405,0.4297403059409463,0.453091684434968,0.6230240549828179,1.8587446539137316,-1.2863868774932974
36,0.2782306163021869,0.2831732479544646,0.4888059701492537,0.4972508591065292,0.1474097008197791,1.3451269644135777
37,0.1452783300198807,0.1910352187833511,0.2875799573560768,0.1722680412371134,-0.4217932805809249,1.9006462574312208
38,0.1440854870775348,0.2511561721807186,0.3512793176972282,0.0996219931271477,0.2076662967982488,-1.2408324301660305
39,0.2703280318091451,0.2703664176449662,0.373134328358209,0.7759450171821306,-1.1404406405353191,-2.178927940989017
40,0.1009443339960238,0.2845962290999644,0.4858742004264393,0.3821305841924398,0.0193492693351375,-1.7235289555601336
41,0.2817594433399602,0.1746709356101031,0.621535181236674,0.4893470790378007,1.4120034467473577,-1.4688977386124535
42,0.4950795228628231,0.5748843827819281,0.5636993603411515,0.8567010309278351,0.9912739944893648,-0.6566597928304917
43,0.3060636182902584,0.3361792956243329,0.42590618336887,0.5127147766323025,-0.820193505208971,-2.011887190342617
44,0.2610337972166998,0.2952685876912131,0.4762793176972282,0.552233676975945,-1.4786844533679595,0.4638653952808246
45,0.5014910536779325,0.5297047314123088,0.2478678038379531,0.8171821305841925,1.4287493493884469,2.423735881828029
46,0.0294085487077534,0.0367840626111704,0.2649253731343284,0.0881099656357388,0.9898496320107696,3.577867795032745
47,0.3648111332007953,0.2753468516542156,0.4245735607675907,0.7175257731958764,-0.2826245413965473,-0.7350040923637922
48,0.1366302186878727,0.2073995019565991,0.2313432835820895,0.2250171821305842,0.923889787099307,-1.878347270175752
49,0.1681908548707753,0.2568480967627179,0.5277185501066098,0.4405498281786942,0.1733445427346958,2.076007274335917
50,0.055417495029821,0.1796513696193525,0.365138592750533,0.1276632302405498,-0.6862335320456143,-2.249055280293279
51,0.0856361829025844,0.23977232301672,0.2977078891257996,0.2950515463917526,-1.401722464037487,-2.086450965587117
52,0.0670477137176938,0.183920313055852,0.2481343283582089,0.2163573883161512,-1.326724636957079,-0.882245839603975
53,0.5268389662027834,0.4507292778370687,0.3227611940298507,0.4553264604810997,0.8276373693421574,-2.025537257621687
54,0.1657057654075547,0.3617929562433298,0.5242537313432837,0.5257731958762887,-1.0257394940296771,3.11128756484368
55,0.113220675944334,0.1746709356101031,0.2785181236673774,0.2170446735395189,0.6325408024027331,-0.3186148309975146
56,0.4470178926441352,0.647812166488794,0.4296375266524521,0.718556701030928,-1.4318214846441577,0.973905579525256
57,0.403727634194831,0.3536108146567058,0.4978678038379531,0.6302405498281788,-0.3703008482732969,-1.85987354211033
58,0.0207107355864811,0.224119530416222,0.2726545842217484,0.0381786941580756,0.9243251058097874,-3.1904210355053078
59,0.0387624254473161,0.0561010316613304,0.0900852878464819,0.1518556701030927,-0.5432116756828145,-1.9464535238156189
60,0.0641153081510934,0.1099252934898612,0.1447228144989339,0.0886254295532646,0.5290473733162002,0.3140166091857013
61,0.0460188866799204,0.0581643543223052,0.400319829424307,0.0954639175257732,0.1086298917690009,-0.2785757446395533
62,0.4300695825049702,0.3464959089292068,0.4661513859275054,0.6134020618556701,1.462102809858,-0.6495954767800096
63,0.1083499005964214,0.0739950195659907,0.1921641791044776,0.1748109965635738,-0.1422760091554664,0.3241952918885289
64,0.3416003976143141,0.3258626823194592,0.5716950959488273,0.5896907216494846,0.6282111615885626,-2.7204708346382502
65,0.4487574552683896,0.3336890786197082,0.5695628997867804,0.554639175257732,0.5004682979431839,-0.1311665098890082
66,0.0747514910536779,0.0882248310209889,0.5207889125799574,0.2239518900343643,0.8260700514595876,-0.3617604760524788
67,0.1108349900596421,0.1565279260049804,0.3150319829424307,0.2392096219931271,0.5598376447251785,0.2305054524362611
68,0.2174453280318091,0.0846673781572394,0.2833155650319829,0.6013745704467354,0.033066622503674,0.5936629867166472
69,0.1423459244532803,0.1967271433653504,0.2062899786780384,0.2021305841924398,1.7135738996530965,-1.7644194122208798
70,0.3951789264413519,0.6022767698327998,0.3880597014925373,0.6147766323024055,1.9552781510545407,-0.9791951271893424
71,0.1427435387673956,0.0641408751334045,0.0972814498933902,0.16446735395189,1.5361114516430905,-0.4263296477665782
72,0.394831013916501,0.5474919957310566,0.5810234541577826,0.652577319587629,1.1015859974354067,0.1847020374915222
73,0.2519383697813121,0.3073639274279616,0.2356076759061834,0.4752577319587629,1.3294392816616842,0.215753946096078
74,0.1129224652087475,0.2198505869797225,0.2982409381663113,0.297594501718213,0.8530869398223897,1.0276886597219532
75,0.3299204771371769,0.4212024190679473,0.3342217484008529,0.5223367697594502,-0.8413076353110054,-1.0670062139420975
76,0.325844930417495,0.2187833511205976,0.0125266524520256,0.2545360824742268,0.0257897104465915,1.584406948062268
77,0.536779324055666,0.5144076840981857,0.18363539445629,0.7223367697594502,-0.0368717781191283,1.4145863364621858
78,0.7972166998011928,0.5492707221629314,0.5250533049040512,0.8618556701030929,-1.2590156043704843,1.527892258627432
79,0.1150596421471173,0.2244752757025969,0.3411513859275054,0.2723711340206186,2.451351042090876,1.0452102412763686
80,0.1109840954274353,0.1842760583422269,0.5367803837953091,0.2105498281786941,0.5497251083827179,-0.6770228550909754
81,0.3472664015904573,0.2703664176449662,0.2977078891257996,0.5869415807560138,1.691209046160608,0.4712375575643205
82,0.9169980119284294,0.7851298470295269,0.5756929637526652,0.9852233676975946,2.37956916447049,-0.7027581006539487
83,0.7301192842942347,0.4411241551049448,0.5517057569296375,0.6326460481099657,-0.6801045348675131,-0.3945380956951853
84,0.0925944333996024,0.2041977943792244,0.3432835820895522,0.2622680412371134,-0.284795235632725,-3.331145233145793
85,0.4371272365805169,0.5336179295624333,0.4173773987206823,0.5642611683848798,1.034129057216676,-1.0335665841536992
86,0.2454274353876739,0.2945570971184632,0.4592217484008529,0.4209621993127148,0.5523113566591084,3.3714673294313107
87,0.4110834990059642,0.591604411241551,0.4901385927505331,0.6721649484536083,-1.6105227266820106,-1.239394526684532
88,0.1861332007952286,0.2098897189612237,0.4925373134328359,0.4140893470790378,-2.5313880550316545,-0.1605936723994077
89,0.3510934393638171,0.2991817858413376,0.1657782515991471,0.4800687285223368,-1.2107380626060296,0.743684053879136
90,0.1469681908548707,0.2909996442547136,0.4554904051172708,0.2386941580756013,0.067091976783355,1.9675886125906512
91,0.3719184890656064,0.3023834934187122,0.3683368869936034,0.5072164948453609,1.66449384539627,-1.2231129017435869
92,0.131610337972167,0.2998932764140875,0.2753198294243071,0.3439862542955326,1.1674835095589846,-0.232074978485242
93,0.1381709741550695,0.2550693703308431,0.3710021321961621,0.2718556701030928,-0.9287977042078428,-1.444300149270528
94,0.4381212723658052,0.3664176449662042,0.3254264392324094,0.7268041237113402,-0.3358187494218822,2.4423940053814
95,0.4315606361829026,0.5795090715048026,0.5215884861407251,0.5405498281786941,1.4858928278986745,0.5584081630322503
96,0.1461729622266401,0.1743151903237282,0.2372068230277186,0.2021305841924398,-0.91020619970318,2.8567785271200643
97,0.039448310139165,0.1063678406261117,0.3803304904051173,0.0818213058419244,-1.0729406789638083,-1.400108361147552
98,0.1665009940357853,0.1824973319103522,0.1369936034115139,0.2903436426116838,-0.6201985821525751,2.0747470307420834
99,0.2902087475149105,0.2988260405549626,0.502132196162047,0.5378006872852235,0.5065132554862033,-0.2696779514675014
100,0.2231113320079523,0.3223052294557096,0.6196695095948829,0.406872852233677,-1.5699178742071678,-1.3841342766947513
101,0.0,0.0,0.2004264392324093,0.0,-0.3264894283038267,-0.8666622995765881
102,0.0879721669980119,0.1924581999288509,0.554904051172708,0.255360824742268,1.3066275293193577,-0.192375600154158
103,0.1505467196819085,0.1006759160441124,0.3947228144989339,0.3350171821305842,1.322553863224909,0.5285317122786471
104,0.0596918489065606,0.1284240483813589,0.3009061833688699,0.1100687285223367,0.2643015445121132,2.552113659615161
105,0.4771868787276342,0.2981145499822127,0.2766524520255863,0.6824742268041237,-0.8246146614895703,-0.1811166617737666
106,0.1732107355864811,0.1853432942013518,0.4594882729211088,0.4185567010309279,-1.083836801354627,2.411973573300632
107,0.0954771371769383,0.1906794734969761,0.4123134328358209,0.2901030927835051,1.7612194471030198,-1.710687105970274
108,0.9060636182902584,0.728210601209534,0.4261727078891259,1.0,0.5147047410474027,-1.5966648913411277
109,0.0943836978131212,0.1807186054784774,0.4565565031982943,0.2844673539518901,0.7834480770285182,-2.810555066324228
110,0.0883697813121272,0.1109925293489861,0.2518656716417911,0.1832989690721649,-0.8797414884424914,-0.7115369743007347
111,0.2992544731610338,0.192102454642476,0.3584754797441364,0.3797250859106529,0.4130422615624595,1.0172380956630187
112,0.3875745526838966,0.2621842760583422,0.3121002132196163,0.5171821305841925,-1.4577388551247663,1.097748845861762
113,0.1524850894632206,0.1149057274991106,0.2859808102345416,0.2108591065292096,1.2051833633643916,0.4890184486846842
114,0.0956262425447316,0.0604055496264674,0.2025586353944563,0.3608247422680412,-0.963409228656664,-1.0518163997832335
115,0.0998011928429423,0.2041977943792244,0.3765991471215352,0.2490378006872852,0.923989510017124,-2.088159439340966
116,0.1147117296222664,0.0527926004980434,0.1345948827292111,0.1321649484536082,-0.5523724642945544,2.526082683701516
117,0.4434890656063618,0.3870508715759516,0.4091151385927506,0.6965635738831615,-0.8291033211086989,0.6463143075248157
118,0.4711232604373758,0.4361437210956955,0.4925373134328359,0.6989690721649485,1.258503864859192,1.0782192240118256
119,0.2781312127236581,0.4500177872643187,0.4213752665245203,0.4072164948453608,1.4677108993649757,-0.1923935490975934
120,0.1303677932405566,0.1739594450373532,0.1052771855010661,0.3078350515463918,0.0683523084669501,1.2078855800943924
121,0.4306660039761432,0.5094272500889363,0.3432835820895522,0.575257731958763,-0.2056902580249138,0.2631818631081384
122,1.0,0.6435432230522946,0.3190298507462686,0.7725085910652921,0.2032929283034843,-1.0122963240055995
123,0.2871769383697813,0.2764140875133404,0.105543710021322,0.4195876288659794,-0.138058491360484,0.8084184073193967
124,0.1391650099403578,0.2251867662753468,0.2859808102345416,0.3085223367697595,-0.3604575821944849,1.6174895853513993
125,0.0567097415506958,0.2689434364994664,0.3081023454157782,0.1753951890034364,0.881646651005116,1.8179743795540677
126,0.1533300198807157,0.3187477765919602,0.6295309168443498,0.456701030927835,0.8463382762886467,-2.250787090955815
127,0.2796719681908549,0.511917467093561,0.3654051172707889,0.4185567010309279,1.217822533812246,0.8865436433124425
128,0.424155069582505,0.2909996442547136,0.1681769722814498,0.4890034364261169,2.7012683723565623,-0.8834290804568613
129,0.5710735586481114,0.5229455709711847,0.5746268656716418,0.5951890034364261,0.6562087532257874,-0.2027293209000089
130,0.1432405566600397,0.1924581999288509,0.1543176972281449,0.281340206185567,1.372295707656788,-0.0371346414334892
131,0.4019383697813121,0.4030594094628247,0.3726012793176972,0.5202749140893471,0.7334235996180354,-1.479552116615986
132,0.2789761431411531,0.4105300604766986,0.5239872068230278,0.4508591065292097,-0.3696915157571694,0.9477973176638076
133,0.2948807157057654,0.3404482390608324,0.1926972281449893,0.4721649484536082,-0.2720123081543741,1.4171210825638731
134,0.3403081510934393,0.5190323728210601,0.5162579957356077,0.4738831615120275,1.778304146426415,-0.4430353615465319
135,0.1343936381709741,0.2333689078619708,0.5690298507462687,0.3206529209621993,-0.4129548398622988,0.8849863023359555
136,0.1292246520874751,0.192102454642476,0.3587420042643924,0.2394501718213058,-0.7709416080221145,0.2527695264681303
137,0.1428926441351888,0.1561721807186055,0.2665245202558636,0.2912714776632302,-0.7100097143830335,2.079859010308539
138,0.4286282306163022,0.3778014941302028,0.2507995735607676,0.5728522336769759,2.0405467410616325,-0.1113009809816328
139,0.2383697813121272,0.1419423692636072,0.0999466950959488,0.2959106529209622,0.5653654842826208,-2.0461081918963626
140,0.0,0.095695482034863,0.0554371002132196,0.0,0.2782779711897698,3.4348379467175087
141,0.2953777335984095,0.4265385983635718,0.3531449893390192,0.4178694158075601,1.4127043592903232,0.3102453498623906
142,0.0924950298210735,0.1725364638918534,0.3928571428571429,0.22,-0.63639606600052,0.4676493882297036
143,0.1534791252485089,0.2330131625755959,0.2611940298507463,0.347766323024055,-0.6188847664698356,1.9029517919386356
144,0.0391401590457256,0.1430096051227321,0.2318763326226013,0.1172852233676976,0.4967024575707142,-0.6125229764639673
145,0.1492544731610338,0.1856990394877268,0.1196695095948827,0.2076288659793814,1.7175011098239126,-1.4700156688122576
146,0.3685387673956262,0.2066880113838491,0.3827292110874201,0.6408934707903781,-0.0461544502301737,-0.7918587220449507
147,0.1770377733598409,0.295980078263963,0.3584754797441364,0.2888316151202749,0.5111097393866787,-1.3972194017121138
148,0.2749502982107356,0.2817502668089648,0.2086886993603412,0.5494845360824742,0.259439160757449,0.4646389003772562
149,0.0660536779324055,0.263607257203842,0.2782515991471216,0.2068384879725086,-0.9944138127192396,-0.9804944730257212
150,0.1314612326043737,0.2216293134115973,0.322228144989339,0.2163573883161512,-0.8764140786607546,-1.4603686181395572
151,0.1077534791252485,0.0413376022767698,0.4717484008528785,0.2707560137457044,-0.8359491648230559,-0.1776492712764801
152,0.390506958250497,0.1099252934898612,0.19909381663113,0.5398625429553264,1.6490622765414424,1.491663589051608
153,0.0887673956262425,0.1444325862682319,0.1140724946695096,0.1892096219931271,0.7973136361946674,1.3865167432608032
154,0.1731113320079522,0.2433297758804695,0.2260127931769723,0.3340893470790378,0.3866977389683088,-2.0475895329954747
155,0.1158548707753479,0.2013518320882248,0.3518123667377399,0.2821649484536083,2.234190044002798,-2.939861437313908
156,0.5238568588469185,0.4461045891141942,0.3488805970149254,0.520618556701031,-0.6999718751872291,0.97732765985215
157,0.1377236580516898,0.3660618996798292,0.427771855010661,0.2898969072164948,0.4964462561092151,-0.3648800154917572
158,0.0975646123260437,0.1853432942013518,0.1703091684434968,0.2414089347079038,0.963398034426998,2.1653202712289623
159,0.0327435387673956,0.1575951618641053,0.1647121535181236,0.1358419243986254,0.3808071837301183,-0.6543808820474628
160,0.1857852882703777,0.191746709356101,0.3781982942430704,0.271786941580756,-0.4221730947292827,0.8072018301189907
161,0.4804671968190855,0.5016008537886874,0.1543176972281449,0.6106529209621994,0.564991057774386,2.635110887323596
162,0.6391650099403579,0.6688011383849164,0.3829957356076759,0.7721649484536084,1.2653230439435763,-1.2914378190739182
163,0.1402584493041749,0.2009960868018498,0.4440298507462687,0.2815807560137457,-0.0902179230921904,1.1429017866250426
164,0.4822067594433399,0.7143365350409108,0.4317697228144989,0.8061855670103093,0.2328807146416264,2.2604399291905417
165,0.0963717693836978,0.2863749555318392,0.3678038379530917,0.1977319587628866,0.3105394245923343,0.2944931912378154
166,0.0843936381709741,0.1305585200996087,0.0,0.1581786941580756,-0.0108555906057568,0.3726485817190536
167,0.3268389662027833,0.4311632870864461,0.3805970149253732,0.5065292096219932,0.0062098721811261,1.896100370923199
168,0.5183896620278331,0.5410885805763074,0.5413113006396588,0.5914089347079038,0.1747785750121591,0.4574881453863084
169,0.1879224652087475,0.2909996442547136,0.2926439232409382,0.2915807560137457,-0.9072621240116876,-2.646109760490619
170,0.18389662027833,0.1981501245108502,0.0964818763326226,0.3227147766323024,0.993777164413544,0.7417487431182861
171,0.1708747514910537,0.3575240128068303,0.4757462686567165,0.3986254295532646,-0.7645234863085413,-1.8717650472879788
172,0.5452286282306164,0.3863393810032017,0.1337953091684435,0.6278350515463919,0.6426141144529853,0.5773274242866046
173,0.1283797216699801,0.1216648879402347,0.1279317697228145,0.1479725085910653,0.2124915971830999,-0.3963968324635668
174,0.0,0.1284240483813589,0.19136460554371,0.0,1.121401035021156,0.8932092016809408
175,0.0,0.0473852721451441,0.1337953091684435,0.0,-0.8808507252541686,0.1129834576252858
176,0.1846918489065606,0.1184631803628602,0.3296908315565032,0.3405498281786941,-1.3939790183833405,-0.3126694449217242
177,0.4406560636182903,0.3507648523657061,0.4378997867803838,0.6993127147766323,0.1804717120724487,-1.2158199717636462
178,0.0092047713717693,0.215937388829598,0.453091684434968,0.0318178694158075,0.9074315944240908,0.3589866402373289
179,0.0661033797216699,0.2027748132337247,0.1100746268656716,0.1371134020618556,0.5381785463435593,0.9164487630540364
180,0.933399602385686,0.8961223763785129,0.5551705756929639,0.9237113402061856,0.4523944258993407,1.144458141342458
181,0.7435387673956263,0.6670224119530417,0.5719616204690832,0.9975945017182132,-0.8167183667164821,0.3378165102026469
182,0.2579025844930417,0.4332977588046958,0.5543710021321963,0.529553264604811,-0.9871817195349516,1.0392667032201337
183,0.1173459244532803,0.1579509071504802,0.1513859275053305,0.2163573883161512,0.6687417331072275,1.766947430634724
184,0.1621769383697813,0.3511205976520811,0.4267057569296376,0.4213058419243987,0.2996376598250772,-1.1767818218491135
185,0.011948310139165,0.1401636428317324,0.244136460554371,0.035807560137457,-0.2212569464038894,-2.727598274656035
186,0.2889662027833002,0.4759871931696904,0.3821961620469083,0.5398625429553264,0.3708131623267721,1.146198670917939
187,0.1609840954274354,0.1807186054784774,0.2497334754797442,0.3776632302405498,-0.3389694283538803,2.501169984784277
188,0.0771868787276342,0.1650658128779794,0.3853944562899787,0.1479725085910653,-0.4434458151769012,-1.1303466872607055
189,0.0822067594433399,0.1928139452152259,0.2017590618336887,0.1654639175257732,0.2522875830656724,1.038326962740543
190,0.3289264413518887,0.2778370686588403,0.6705756929637527,0.6089347079037801,-1.5235537982350924,-0.3730643772164367
191,0.1423459244532803,0.2070437566702241,0.3059701492537314,0.164020618556701,-0.1289250242005172,0.857171295088048
192,0.0,0.0725008893632159,0.2348081023454157,0.0,0.0543235110279721,3.3079482183229216
193,0.2267395626242545,0.2746353610814657,0.7281449893390194,0.5013745704467354,1.5106663636840945,0.1564619180770634
194,0.4412524850894632,0.2899324083955887,0.420042643923241,0.5934707903780069,0.8274253883872476,0.180758045959105
195,0.1181411530815109,0.2116684453930986,0.2659914712153518,0.2829896907216495,0.2597254295462096,0.2521136002627766
196,0.3243538767395626,0.3009605122732124,0.5860874200426439,0.5749140893470791,0.634148637972749,-0.2818562940175936
197,0.2871769383697813,0.4208466737815725,0.337953091684435,0.3154982817869416,0.3728593183977069,-0.5179064228647767
198,0.3365805168986084,0.5489149768765564,0.5341151385927506,0.5869415807560138,1.9664911871346449,2.887108770805285
199,0.2972166998011928,0.3699750978299537,0.4824093816631131,0.6316151202749141,1.6227682374024472,-1.411531392785296
200,0.2041252485089463,0.231590181430096,0.4355010660980811,0.3711340206185567,-0.8477063196973857,2.1768078246805067
201,0.3721669980119285,0.4443258626823195,0.3683368869936034,0.6663230240549828,1.4125897103407397,1.924180886879313
202,0.8051689860834991,0.6115261472785486,0.5506396588486141,0.9391752577319588,1.2944676510991333,0.255967059025644
203,0.4560636182902584,0.4009249377445749,0.7950426439232411,0.6917525773195877,-0.5916191863538727,1.6851263186360217
204,0.189910536779324,0.2504446816079687,0.3363539445628998,0.3487972508591065,0.5337945824838093,0.9874116972789476
205,0.2027335984095427,0.3500533617929562,0.2190831556503198,0.4302405498281787,1.104914570678882,1.2251257731756695
206,0.0970178926441351,0.0885805763073639,0.2985074626865672,0.1920274914089347,1.256949754871803,-2.810806407470907
207,0.2678926441351889,0.4222696549270722,0.3472814498933902,0.3766323024054983,1.4547587935005457,1.0562807087495698
208,0.2535785288270378,0.2355033795802206,0.4568230277185501,0.3869415807560138,0.4788564916002655,0.5218383843808216
209,0.1569085487077535,0.3361792956243329,0.1039445628997868,0.3556701030927835,0.133409680355114,2.3149611208865526
210,0.4751988071570577,0.5446460334400569,0.4216417910447761,0.6597938144329898,0.5191733132132956,2.5889954931324377
211,0.069234592445328,0.1910352187833511,0.345682302771855,0.2375601374570446,-1.0017064993371014,2.5168483752984807
212,0.7927435387673957,0.7178939879046603,0.1719083155650319,0.5481099656357389,2.888182393191808,2.5395717694777447
213,0.327882703777336,0.3607257203842049,0.427771855010661,0.3776632302405498,-0.5282863067847645,0.2876058448669799
214,0.3211729622266401,0.3176805407328353,0.6084754797441366,0.6089347079037801,-0.6241242804158571,-1.1032300322603117
215,0.2784294234592445,0.2781928139452152,0.3973880597014926,0.5683848797250859,0.64861679595193,-1.3691528051580806
216,0.1561630218687872,0.1892564923514763,0.4019189765458423,0.3910652920962199,0.5995117130062798,-3.490695053348792
217,0.0532306163021868,0.1262895766631092,0.3318230277185501,0.1227147766323024,0.4016998183492452,0.491825501667311
218,0.4319582504970179,0.6332266097474208,0.4429637526652453,0.6254295532646048,1.4908669196530333,-2.0741570070662823
219,0.3298707753479125,0.7104233368907862,0.8899253731343285,0.5584192439862543,0.1214594071266762,1.571962919174525
220,0.1273856858846918,0.263607257203842,0.1154051172707889,0.2768384879725086,0.0945132499853642,-0.6557710569890157
221,0.2212226640159046,0.2508004268943437,0.1361940298507462,0.3123711340206185,2.0790659677894654,2.0522813713821924
222,0.0951789264413519,0.1152614727854856,0.2883795309168444,0.1915807560137457,0.7347502928516154,-1.1703511706173275
223,0.3211729622266401,0.4137317680540732,0.4869402985074627,0.5082474226804125,-0.8284807464597835,-0.6478236108078183
224,0.1220675944333996,0.256492351476343,0.30863539445629,0.3325773195876289,1.044213075846798,-1.4063190511130004
225,0.2287773359840954,0.3144788331554607,0.1300639658848613,0.3735395189003437,-0.7870853669924014,3.680326492122624
226,0.0604373757455268,0.127712557808609,0.2073560767590619,0.1534020618556701,-0.6762618514450671,0.0877959249682166
227,0.1878727634194831,0.3016720028459623,0.1942963752665245,0.4738831615120275,-0.6148085834012501,0.415773260334303
228,0.1011928429423459,0.2230522945570971,0.5141257995735607,0.4054982817869416,1.010144909416357,1.390994412277886
229,0.3410039761431412,0.2586268231945927,0.4832089552238806,0.6793814432989691,-0.5769529324264573,0.5462979938974687
230,0.5417495029821073,0.4147990039131982,0.3430170575692964,0.8738831615120276,1.7229577555705056,1.3184559398246891
231,0.0155318091451292,0.1476342938456065,0.5791577825159916,0.0715807560137457,0.0122664348603442,0.3199335006447776
232,0.0319781312127236,0.1575951618641053,0.79317697228145,0.1031615120274914,0.1592775212717729,-0.4277267718286535
233,0.4145129224652087,0.5884027036641765,0.6759061833688701,0.5371134020618556,1.782202645057645,0.4872271307412201
234,0.0828528827037773,0.0917822838847385,0.1902985074626866,0.2481786941580756,0.1235947963435855,-1.1529915146849994
235,0.094234592445328,0.2632515119174671,0.4866737739872069,0.2736426116838488,-0.1023396168784536,-2.1797120802483385
236,0.6148111332007953,0.8210601209533974,0.5994136460554371,0.8910652920962199,2.128604997346993,-0.1038073316839462
237,0.2993041749502982,0.5795090715048026,0.377132196162047,0.4965635738831615,1.3454963205425394,-0.1608070143990597
238,0.2190854870775348,0.2781928139452152,0.7601279317697229,0.2824398625429553,-0.7385498684151997,-4.026745551208701
239,0.4379224652087475,0.5186766275346852,0.8755330490405117,0.7099656357388316,-0.0058110451333611,0.6964872452522575
240,0.1854373757455268,0.2461757381714692,0.1873667377398721,0.3169072164948454,0.4383424499425474,1.5300540410299557
241,0.0550695825049701,0.1874777659196015,0.2225479744136461,0.1392439862542955,-2.3460952333437617,1.6080101607984374
242,0.1418489065606361,0.1654215581643543,0.4248400852878465,0.4185567010309279,0.9276923513125086,-0.2889767921617008
243,0.1165009940357852,0.2518676627534685,0.3816631130063966,0.2098281786941581,-0.6261402889951784,2.4796583646258417
244,0.4416500994035785,0.4880825329064389,0.4933368869936035,0.5374570446735396,0.9711284005634756,-0.2871079187133266
245,0.1525844930417495,0.1262895766631092,0.464818763326226,0.2314776632302405,0.5611991687529001,1.3772700055713412
246,0.0549204771371769,0.2138029171113482,0.4211087420042644,0.1707903780068728,-0.2353383241183997,1.4868591112938632
247,0.1978131212723658,0.2298114549982213,0.1513859275053305,0.536426116838488,-1.38125957983755,1.9396120496154
248,0.0802683896620278,0.1536819637139808,0.6175373134328358,0.2108591065292096,2.7223540458497637,-0.05864299057941
249,0.1455765407554672,0.167911775168979,0.2444029850746269,0.3301718213058419,-1.466929695041293,-1.7453945289564992
250,0.6510934393638171,0.6278904304517965,0.3992537313432836,0.7233676975945017,0.617278613570441,-0.2906571029524149
251,0.1028330019880715,0.1792956243329776,0.2782515991471216,0.2248797250859106,0.6005333576848468,-0.5660870562574034
252,0.4840954274353877,0.6172180718605479,0.3616737739872068,0.8615120274914089,-0.9775292573294924,0.1275897798309568
253,0.4151590457256461,0.424048381358947,0.3483475479744137,0.6381443298969073,0.326794622862308,1.1974718529423405
254,0.4269880715705765,0.632159373888296,0.3344882729211088,0.6869415807560137,0.8696106705634841,1.775960592952108
255,0.2607355864811133,0.3009605122732124,0.2678571428571429,0.4721649484536082,-1.6501687244751515,-1.3074000613477104
256,0.5685884691848907,0.6090359302739239,0.6463219616204693,0.6670103092783506,-0.760587885758763,-0.7850161136325198
257,0.617296222664016,0.3486303806474564,0.2835820895522388,0.765979381443299,0.925708843442614,0.3407229572536907
258,0.6843936381709741,0.424048381358947,0.5229211087420044,0.8460481099656358,-0.1228788784960826,2.464926847038477
259,0.4174453280318091,0.375667022411953,1.0,0.6920962199312715,0.2540863428298732,-0.2736134092722301
260,0.4638667992047713,0.583422269654927,0.7233475479744137,0.5831615120274914,2.344109407985956,1.1583203336310215
261,0.1410039761431411,0.424048381358947,0.5183901918976547,0.2829896907216495,-0.0120703352928468,-0.993830551975563
262,0.3731113320079522,0.4432586268231946,0.4056503198294243,0.525085910652921,-1.3008664161344243,-0.8171093615560047
263,0.1415009940357852,0.3550337958022056,0.523720682302772,0.2944329896907217,-0.5238533632244662,2.3597805888639862
264,0.324403578528827,0.4855923159018143,0.4613539445628998,0.681786941580756,-0.1006645412347113,0.789123066614948
265,0.4297216699801193,0.8737104233368909,0.9365671641791046,0.5701030927835051,-0.2414700234823488,0.2992222670400078
266,0.1313121272365805,0.1405193881181074,0.291044776119403,0.2723711340206186,-0.795113092367557,-1.8268202471542765
267,0.1064612326043737,0.2443970117395945,0.4802771855010661,0.212680412371134,-0.9010669940392728,-0.5904358489670138
268,0.0802683896620278,0.2123799359658484,0.3097014925373135,0.1986254295532646,0.0172364624257283,1.925177911810354
269,0.1424950298210735,0.1337602276769832,0.3515458422174841,0.2955326460481099,-0.4122155483712748,-0.0962019519737882
270,0.0310636182902584,0.2483102098897189,0.2300106609808102,0.1145360824742268,-0.7091926397549595,2.0726833914722005
271,0.1369284294234592,0.1561721807186055,0.1108742004264392,0.3006872852233677,0.5018637000003223,2.5556009521926466
272,0.5407554671968191,0.72073995019566,0.4307036247334755,0.6326460481099657,0.7009019059686034,-0.0221007454564858
273,0.0699304174950298,0.1003201707577374,0.2361407249466951,0.1772852233676976,-0.2366009791489843,1.0464592493839726
274,0.2357852882703777,0.4621131270010673,0.6042110874200427,0.3903780068728523,1.1971956497411675,-1.1936767464329363
275,0.3679920477137177,0.1590181430096051,0.1857675906183368,0.3074226804123711,0.9508447306491712,1.1116403181318182
276,0.016565606361829,0.151903237282106,0.1857675906183368,0.0381786941580756,1.8015366488545004,1.8622008118597624
277,0.2904075546719682,0.4279615795090715,0.3272921108742005,0.4446735395189003,-1.0093803578720917,0.3142512249569079
278,0.0615308151093439,0.2692991817858413,0.3752665245202559,0.1781786941580756,-0.0948813717375576,2.151332419518849
279,0.1844433399602385,0.2508004268943437,0.2590618336886993,0.3434020618556701,1.1226987474419647,-0.9632386925287938
280,0.4803180914512923,0.5617218071860548,0.6364605543710021,0.643298969072165,0.842692143162985,0.5119708380403079
281,0.1373260437375745,0.1913909640697261,0.1663113006396589,0.2848797250859107,0.1514844840272738,-1.1756728452464509
282,0.4703777335984095,0.5642120241906795,0.443230277185501,0.7738831615120276,3.129165663543888,1.5722911507314783
283,0.4499005964214712,0.3778014941302028,0.3483475479744137,0.5951890034364261,0.4083855565435047,0.6361123426860062
284,0.1684890656063618,0.2123799359658484,0.2044243070362474,0.3494845360824742,-0.904746970399857,-1.5887887861088283
285,0.0145328031809145,0.1981501245108502,0.2947761194029851,0.0301443298969072,0.7423668573755473,1.4138454599033032
286,0.1884194831013916,0.1889007470651014,0.4069829424307036,0.3969072164948454,-0.112442740623569,1.8570152079931308
287,0.0582007952286282,0.2024190679473496,0.0938166311300639,0.1843986254295532,1.4401261036279198,-0.9878793265824092
288,0.2777335984095427,0.1398078975453575,0.2747867803837953,0.3200687285223368,0.340318461855752,0.8489393100172178
289,0.1080019880715705,0.1575951618641053,0.3763326226012793,0.2131615120274914,0.2262561763002863,0.8814694894380476
290,0.328131212723658,0.2789043045179651,0.269456289978678,0.3508591065292096,-0.520892568286653,-0.5201368176334322
291,0.2395129224652087,0.295980078263963,0.3776652452025587,0.5116838487972509,-2.1459671831333207,-1.0505186985678765
292,0.1674950298210735,0.2066880113838491,0.210820895522388,0.3628865979381444,1.409509935819342,-0.5296076141134938
293,0.1133200795228628,0.1824973319103522,0.3659381663113007,0.3140893470790378,1.206729080588556,1.5734515915472391
294,0.0956262425447316,0.1981501245108502,0.1455223880597015,0.2179725085910653,0.0399498680470793,1.9895343068544735
295,0.0952783300198807,0.23977232301672,0.130863539445629,0.1993814432989691,0.6430450482399748,1.9730137621662704
296,0.0680417495029821,0.1223763785129846,0.0746268656716418,0.1097594501718213,1.210714550202935,1.5364400187059464
297,0.1747017892644135,0.1931696905016008,0.3030383795309169,0.2460481099656357,-0.9313246758025966,-0.4062207076279797
298,0.0682902584493041,0.2949128424048381,0.3528784648187634,0.2587628865979381,0.6305453450056775,1.2981843957362715
299,0.0931908548707753,0.1067235859124866,0.3251599147121535,0.1073883161512027,-0.7703647425016562,0.4914139560582348
300,0.5278330019880716,0.64034151547492,0.378997867803838,0.6804123711340206,1.4572156934238805,0.7289403482567194
301,0.1540258449304175,0.1967271433653504,0.2945095948827292,0.2620274914089347,-1.4084675409294212,2.367690558214212
302,0.6361829025844931,0.5602988260405549,0.4640191897654585,0.6608247422680412,2.052928104983103,-0.6681547304740376
303,0.088469184890656,0.1113482746353611,0.3336886993603412,0.2243298969072165,-1.0346626331302125,-0.8935726876141765
304,0.0746520874751491,0.1689790110281039,0.2555970149253732,0.1893127147766323,-0.4729563947866191,0.3435165713171389
305,0.0652584493041749,0.1604411241551049,0.5223880597014926,0.1654639175257732,-0.0749615193030843,1.0594059581748565
306,0.0162077534791252,0.2305229455709712,0.2246801705756929,0.0859106529209622,0.9162607527045564,-2.936067293975789
307,0.0172564612326043,0.0629313411597296,0.2145522388059701,0.0477319587628866,-1.0769905013428371,1.1175956897270165
308,0.0219632206759443,0.2504446816079687,0.1311300639658849,0.0759450171821305,0.1919296273461123,-1.136450475240685
309,0.0438817097415507,0.2419067947349698,0.1433901918976545,0.1213745704467354,0.7268401903656395,1.0223191419653537
310,0.0570576540755467,0.1664887940234792,0.3872601279317698,0.1972852233676976,-0.1119473120053755,-1.2983529938931806
311,0.0932902584493041,0.3034507292778371,0.2593283582089553,0.1997594501718213,0.8461409566882976,-0.5612839260592166
312,0.1266401590457256,0.2226965492707221,0.1167377398720682,0.2890378006872852,-0.6157369039042812,-0.539231683090661
313,0.0442693836978131,0.1568836712913554,0.0226545842217483,0.1620274914089347,1.261270556604343,-1.3012183201347378
314,0.0,0.0363571682675204,0.2777185501066099,0.0,-0.3238861771867987,2.9308124183703983
315,0.0319234592445328,0.1924581999288509,0.2049573560767591,0.0956701030927835,-1.1618753782811384,1.402952454824456
316,0.0251043737574552,0.1750266808964781,0.1186034115138592,0.0636426116838488,2.135199891563773,1.8223011124212265
317,0.3951292246520875,0.4948416933475631,0.3459488272921109,0.6103092783505155,0.3873174352406224,1.437249226256627
318,0.2439363817097415,0.0757737459978655,0.3033049040511727,0.3934707903780069,0.0106101477070015,-1.955203443386534
319,0.0844433399602385,0.1768054073283529,0.2182835820895522,0.0973195876288659,1.552285568701366,-1.2930509186773205
320,0.1970675944333996,0.1191746709356101,0.2289445628997868,0.3348453608247423,1.1064154542304996,-1.8041720959194705
321,0.3839960238568588,0.5382426182853077,0.2934434968017058,0.4896907216494845,-0.142889384923392,0.9194170439701962
322,0.1689860834990059,0.2173603699750978,0.2414712153518123,0.3969072164948454,-0.2797307533972855,2.642869008345344
323,0.7475149105367794,0.6179295624332978,0.5287846481876333,0.9226804123711342,1.6400157418626968,3.143458039805484
324,0.0840954274353876,0.2070437566702241,0.2494669509594883,0.1909278350515464,0.3866490699792065,0.2883039578225732
325,0.1047216699801192,0.2056207755247243,0.2420042643923241,0.1925085910652921,-0.5737342065781227,-0.2664256359420071
326,0.1358349900596421,0.2703664176449662,0.1593816631130064,0.2024054982817869,0.9981288348429612,0.7630382852891004
327,0.02779324055666,0.1828530771967271,0.2726545842217484,0.0960824742268041,0.7030797097843688,-1.864652914285307
328,0.4218687872763419,0.4037709000355746,0.4893390191897655,0.5439862542955327,0.9301301823091944,-2.2893597064347437
329,0.3966699801192843,0.3486303806474564,0.3515458422174841,0.3597938144329897,-0.3887437451075547,1.4871859715609848
330,0.3499502982107356,0.3852721451440769,0.2654584221748401,0.6807560137457045,0.0811521598162743,0.0866722937104267
331,0.1466202783300199,0.2308786908573461,0.2646588486140725,0.3387628865979382,0.574901736344254,1.687078037659744
332,0.0376888667992047,0.144076840981857,0.3667377398720683,0.0694845360824742,1.0373178072308065,1.3302679220890787
333,0.014617296222664,0.1718249733191035,0.267590618336887,0.0572852233676976,-0.8073802060594407,-1.7703718628068448
334,0.0424204771371769,0.1928139452152259,0.4381663113006397,0.1368728522336769,0.259806001337535,-1.7758790310298265
335,0.4937375745526839,0.4646033440056918,0.5631663113006397,0.6278350515463919,0.7679664993814443,-0.8991099905868144
336,0.1042743538767395,0.2059765208110993,0.1303304904051173,0.2010309278350515,0.9491319243081529,2.285967641407465
337,0.3026838966202783,0.5908929206688012,0.595682302771855,0.7037800687285224,0.2311216603739163,-1.2936282881885248
338,0.088220675944334,0.1149057274991106,0.3949893390191898,0.2233333333333333,0.4900419758720403,2.1990441933976204
339,0.7007952286282306,0.8089647812166489,0.4986673773987207,0.7178694158075601,2.6034185856112817,1.9699110842175835
340,0.2098906560636182,0.3109213802917112,0.2529317697228145,0.4859106529209622,-0.7661265250900771,0.8170282940312277
341,0.1139165009940357,0.1003201707577374,0.2945095948827292,0.2790378006872852,-0.1650415896129513,-0.9107586852772755
342,0.1660536779324055,0.1419423692636072,0.2100213219616204,0.3694158075601375,-0.2620311177417498,-1.7343996928936356
343,0.5482107355864811,0.5272145144076841,0.603411513859275,0.7749140893470791,0.8346056376204172,-0.0898636844055275
344,0.1615308151093439,0.1824973319103522,0.1636460554371002,0.2702405498281787,-0.7731815829878761,0.146716036235744
345,0.1012425447316103,0.1049448594806119,0.1988272921108742,0.14,1.5503213185723113,-1.3148564729947494
346,0.0421868787276342,0.2031305585200996,0.4008528784648187,0.1750171821305842,0.1990793368026631,2.039394499628126
347,0.1753479125248509,0.3322660974742085,0.1575159914712153,0.4298969072164948,-0.3090632982492188,-0.4669736828893848
348,0.1154075546719682,0.1629313411597296,0.2337420042643923,0.2250171821305842,2.32152665711317,-1.267622119731221
349,0.0888170974155069,0.1736036997509783,0.1519189765458422,0.1637800687285223,1.1041978293389925,-1.822376922657096
350,0.0577534791252485,0.1903237282106012,0.2057569296375266,0.1464604810996563,-0.0633277715553789,-0.5294804810796083
351,0.617296222664016,0.3354678050515831,0.3238272921108743,0.7336769759450172,1.3792252951826756,-1.0568992627419278
352,0.9507952286282306,0.896478121664888,0.3081023454157782,0.9470790378006874,0.5747098169543383,-0.6200323415331809
353,0.3256958250497018,0.376378512984703,0.5650319829424307,0.5243986254295534,-0.5462709762232716,-0.1041939686913693
354,0.0731113320079522,0.1490572749911063,0.1012793176972281,0.1347766323024055,-0.6045124975128802,2.193142965747008
355,0.2182405566600397,0.1935254357879758,0.2774520255863539,0.3183848797250859,-0.9191753778197668,0.9779368087442848
356,0.278479125248509,0.2226965492707221,0.341950959488273,0.4323024054982818,0.954252271789156,-1.080086502326843
357,0.1037773359840954,0.2554251156172181,0.3614072494669509,0.1909278350515464,-0.8844439868661412,-1.1765602290029529
358,0.1183399602385686,0.0729633582355033,0.1513859275053305,0.1636426116838488,0.7323044383717459,2.256618221136061
359,0.0698807157057654,0.1454998221273568,0.3464818763326226,0.1736082474226804,-0.3180495237294071,-1.3349685623384384
360,0.0270825049701789,0.2059765208110993,0.2388059701492537,0.0561855670103092,-0.8100430163050768,2.3708649547868648
361,0.1204771371769383,0.2230522945570971,0.4578891257995736,0.1929209621993127,-0.1335425179360309,1.5770991100489762
362,0.0885188866799204,0.2070437566702241,0.3723347547974414,0.2856357388316151,0.4950816690248044,1.5684157088815849
363,0.2403081510934393,0.3628601921024546,0.3579424307036247,0.3135051546391753,0.7600445985243633,-2.340141972828229
364,0.0732107355864811,0.2419067947349698,0.2579957356076759,0.2401030927835051,-0.3753350895723613,-2.3880193791919577
365,0.3869284294234593,0.5827107790821772,0.3824626865671642,0.6065292096219931,1.066779307911076,0.5835928259513266
366,0.628727634194831,0.5784418356456777,0.5807569296375268,0.7395189003436426,-0.0337493651806974,-0.6590631432951246
367,0.1007455268389662,0.2262540021344717,0.3203624733475479,0.3034020618556701,1.1767787297161878,0.0677341052446942
368,0.4207256461232604,0.8118107435076486,0.3843283582089553,0.6254295532646048,0.8904422021461161,0.2976280035277852
369,0.746023856858847,0.7018854500177873,0.36727078891258,0.8357388316151203,0.0093159720928419,-0.8517946958019278
370,0.4360337972166998,0.407328352899324,0.5066631130063967,0.7725085910652921,1.9943560861737408,1.5516939378623733
371,0.1320576540755467,0.2942013518320882,0.0988805970149254,0.2810309278350515,0.9017796072436914,0.4966773876841184
372,0.6237574552683897,0.5250800426894344,0.261727078891258,0.6756013745704468,-1.3453394240466463,-0.6128226969969262
373,0.4443836978131213,0.6204197794379225,0.2971748400852879,0.7257731958762887,-0.3319155919687981,1.445025606749052
374,0.1009443339960238,0.2458199928850943,0.2182835820895522,0.2401030927835051,-1.9388905106546652,2.376324600733824
375,0.2682405566600397,0.3215937388829598,0.1897654584221748,0.4298969072164948,1.522169598087202,-0.9359570276886158
376,0.2952783300198807,0.103877623621487,0.2878464818763326,0.5034364261168385,-0.4380960370922582,0.4790480308212792
377,0.0555168986083499,0.2404838135894699,0.6292643923240939,0.198659793814433,-1.0177876244821966,1.767641774310302
378,0.1228131212723658,0.2351476342938455,0.203091684434968,0.3621993127147766,0.3781444621843313,0.2154376697152195
379,0.3164512922465209,0.1889007470651014,0.5543710021321963,0.8673539518900345,0.4802190876455069,1.443926864563947
380,0.275844930417495,0.1746709356101031,0.2268123667377399,0.4529209621993127,-0.9096304512477588,-0.8475112675253842
381,0.1030815109343936,0.1479900391319815,0.2348081023454157,0.2320962199312715,-0.662456327952098,1.453775354566261
382,0.1480119284294234,0.1650658128779794,0.4448294243070363,0.3752577319587629,0.4287161515735155,2.1173286507698768
383,0.1431411530815109,0.2223408039843472,0.2961087420042644,0.3369072164948454,-0.7866217872929879,0.7802659622694805
384,0.1423459244532803,0.2244752757025969,0.142590618336887,0.3152233676975945,0.3765009690366361,-0.26043391835079
385,0.2619781312127237,0.279615795090715,0.5247867803837954,0.4670103092783505,1.2345945035002654,-1.5223819137778825
386,0.1259443339960238,0.1849875489149769,0.1937633262260128,0.3140893470790378,0.4022166198586352,-1.3322414058001728
387,0.0422813121272365,0.2696549270722163,0.2118869936034115,0.1559106529209622,-1.1449391372539257,0.6764551947495876
388,0.1370278330019881,0.1462113127001067,0.1841684434968017,0.2842611683848797,1.1004028276658886,-0.5853894295895394
389,0.507455268389662,0.4585556741373177,0.4909381663113007,0.627147766323024,1.3249037560406858,-3.200973841445685
390,0.0978131212723658,0.1227321237993597,0.0967484008528785,0.2301030927835052,0.2860469731412495,1.3821289472971845
391,0.0,0.07968694414799,0.2873134328358209,0.0,0.6872536698299584,-1.921821343546655
392,0.4529324055666004,0.472073995019566,0.4634861407249467,0.7288659793814434,1.4477190644636222,0.3213938573183221
393,0.7763419483101393,0.6510138740661686,0.4456289978678038,0.8323024054982818,1.0531887573674923,0.1943929469540821
394,0.1653081510934393,0.2002845962291,0.36727078891258,0.2153264604810996,-0.437298022626935,-0.917832789046586
395,0.1615805168986083,0.2486659551760939,0.3550106609808103,0.2718556701030928,1.6764291826420106,0.4608565258183394
396,0.2674453280318091,0.2443970117395945,0.4045842217484008,0.4993127147766323,0.2635813368308723,2.459898007214059
397,0.2029324055666004,0.2066880113838491,0.2409381663113006,0.285085910652921,-0.6645938952126924,-1.3219051887672897
398,0.036013916500994,0.1689790110281039,0.2220149253731344,0.1909278350515464,-0.3088438889280119,0.856835397767514
399,0.0814115308151093,0.1963713980789754,0.3323560767590618,0.1840549828178694,-0.3638007752137218,0.4862879430044887
400,0.595427435387674,0.4578441835645678,0.420042643923241,0.6749140893470791,1.0959053211679417,1.1947067139441057
401,0.0892644135188866,0.2088224831020989,0.2164179104477612,0.2362886597938144,-0.8886432625357942,-0.7299786122298135
402,0.0935884691848906,0.2205620775524724,0.3355543710021322,0.2270790378006873,1.1875092957115712,0.1488198028166381
403,0.1187872763419483,0.2109569548203486,0.2931769722814499,0.2882474226804123,0.9259672870488324,1.502423836049324
404,0.1020874751491053,0.1867662753468516,0.1287313432835821,0.1647079037800687,0.0351145957503965,0.7415111854475419
405,0.1457256461232604,0.1590181430096051,0.3614072494669509,0.2710309278350515,0.7461743406115061,1.5030651940031274
406,0.2250497017892644,0.3479188900747065,0.2014925373134328,0.3879725085910653,-0.1781633486104577,1.1954429977089225
407,0.09279324055666,0.2301672002845962,0.3995202558635395,0.1924742268041237,1.1831422988136029,0.7034549580781524
408,0.4385685884691849,0.4678050515830664,0.3568763326226013,0.6783505154639176,0.8997377377504632,1.3138801131411202
409,0.1318588469184891,0.2194948416933475,0.4493603411513859,0.3275601374570447,-0.3732162571750326,-1.6030066957928109
410,0.1043737574552684,0.1821415866239772,0.6476545842217485,0.2989003436426117,-0.823902902666739,0.5816702588616862
411,0.1232604373757455,0.1593738882959801,0.3843283582089553,0.255360824742268,-0.8862489057113099,1.10644015191569
412,0.0254870775347912,0.0723941657773034,0.4256396588486141,0.0881099656357388,-1.73674582472226,0.0798956614268037
413,0.1926441351888668,0.3141230878690858,0.5205223880597015,0.4494845360824742,1.0721850577867873,1.9404584779772125
414,0.1361332007952286,0.3319103521878336,0.6633795309168443,0.2259450171821306,-0.9600917869826388,1.873306939822553
415,0.108300198807157,0.1821415866239772,0.4048507462686568,0.2839518900343643,0.560699697786498,0.9844752831687922
416,0.0624751491053677,0.103877623621487,0.5122601279317698,0.129553264604811,0.8974429372457358,-0.2100622053025836
417,0.4215208747514911,0.5421558164354323,0.4165778251599147,0.7333333333333334,2.5692737849107963,-1.5390308358223033
418,0.1193836978131212,0.2034863038064746,0.1305970149253732,0.2826116838487972,-2.249395807959858,0.2403260759448491
419,0.0534791252485089,0.1575951618641053,0.4504264392324095,0.1479725085910653,0.230453283069369,0.9544786142261126
420,0.0709741550695825,0.1828530771967271,0.3987206823027719,0.2290034364261168,0.1257432764634876,1.7148310672519214
421,0.3131212723658051,0.3034507292778371,0.1684434968017057,0.3807560137457045,1.542384800059346,-1.3644600242233802
422,0.2235089463220676,0.1675560298826041,0.2038912579957356,0.3797250859106529,-0.6408781754871191,2.664392391530789
423,0.2391650099403579,0.256492351476343,0.3592750533049041,0.4835051546391752,0.4628404580021974,0.0954676720395499
424,0.0977634194831014,0.1166844539309854,0.2971748400852879,0.1576975945017182,2.152410255190625,1.1299608725608414
425,0.0256411530815109,0.1131270010672358,0.4509594882729212,0.0886254295532646,-1.4744633492578465,2.233456585878518
426,0.1102385685884691,0.1494130202774813,0.2545309168443497,0.3199312714776632,1.5131220436697834,-1.1255606309071415
427,0.0697813121272365,0.1718249733191035,0.5335820895522388,0.2572164948453608,1.2410108839366467,-1.924028801718496
428,0.0680914512922465,0.1334044823906083,0.2204157782515991,0.1389690721649484,-1.3159040566122435,2.655261781143274
429,0.0912027833001988,0.2095339736748488,0.238272921108742,0.1241237113402062,-0.2603037508862983,-0.7552085553024851
430,0.4826540755467197,0.2995375311277126,0.4144456289978678,0.8505154639175259,-1.0623317208675305,2.6651868492713517
431,0.1391153081510934,0.176093916755603,0.2902452025586354,0.2532646048109966,-1.4787244008574276,1.6268352990883286
432,0.6257455268389663,0.5016008537886874,0.347814498933902,0.7467353951890034,0.9738555254664518,-0.3355205090264451
433,0.4345924453280319,0.5240128068303095,0.503997867803838,0.5869415807560138,-0.186810485958132,0.7740498485462566
434,0.1429920477137177,0.2981145499822127,0.2270788912579957,0.2739175257731959,-0.2317377524821741,2.439873817712259
435,0.3212226640159046,0.3240839558875845,0.5005330490405118,0.6278350515463919,0.461173650479095,0.5961922594644334
436,0.1038767395626242,0.231945926716471,0.3294243070362473,0.219381443298969,-0.3837212818210168,0.1884807569910277
437,0.1463220675944334,0.2749911063678406,0.2547974413646055,0.2561168384879725,-0.0837714703671292,1.9560101459131376
438,0.1139662027833002,0.2739238705087158,0.4261727078891259,0.2024054982817869,2.3755268537861065,-2.550030272607634
439,0.1318091451292246,0.2483102098897189,0.1942963752665245,0.2823367697594501,0.7219039807146973,-1.4579041471310945
440,0.179572564612326,0.1575951618641053,0.3957889125799574,0.5343642611683849,0.933165112043981,-0.3917835210716894
441,0.2850894632206759,0.4429028815368196,0.6247334754797442,0.597594501718213,1.5758812540004448,-2.358886308924945
442,0.0493886679920477,0.2611170401992174,0.1460554371002132,0.1138144329896907,0.7631354469767236,-1.8478343535316968
443,0.0552186878727634,0.1070793311988616,0.3009061833688699,0.0763573883161512,1.2370772851139833,0.0820535995315941
444,0.3108349900596421,0.4429028815368196,0.2665245202558636,0.5274914089347079,0.3003763678341694,-2.594241063685569
445,0.2124254473161033,0.1796513696193525,0.4888059701492537,0.4130584192439863,-0.5382996964397145,2.2129639410434567
446,0.4121769383697813,0.4838135894699396,0.7068230277185502,0.6769759450171822,2.2043958597239817,0.281588996006896
447,0.1123260437375745,0.3023834934187122,0.2857142857142857,0.2854982817869416,-1.3716645237933602,1.9679512773718104
448,0.1453777335984095,0.2977588046958378,0.4363006396588487,0.3296907216494845,0.1889886717452361,0.678206490318506
449,0.5740556660039762,0.6314478833155461,0.5343816631130065,0.7835051546391754,0.5715696513518682,1.3754443013296913
450,0.1185884691848906,0.1728922091782283,0.4307036247334755,0.3006872852233677,-2.027422264690515,0.3672266812068887
451,0.4504473161033797,0.480611881892565,0.5047974413646056,0.5037800687285224,-0.4091042335793561,1.146489543794841
452,0.0966699801192843,0.183564567769477,0.6892324093816633,0.2445360824742268,0.2613748241856783,-1.7107518900986196
453,0.3228131212723658,0.27997154037709,0.130863539445629,0.3673539518900344,0.8909378163255548,0.395142527798857
454,0.1129224652087475,0.2280327285663465,0.2699893390191897,0.3385223367697594,-0.8935851411113931,-0.8457841027165827
455,0.1622266401590457,0.2532906438989684,0.7886460554371003,0.2667697594501718,1.0757523831629978,-2.279310264034345
456,0.100248508946322,0.1846318036286019,0.7140191897654585,0.2348797250859106,0.5164866535992917,0.4197705615004155
457,0.1027833001988071,0.2283884738527214,0.5919509594882729,0.2063573883161512,-0.388691059902721,-0.2838263948930395
458,0.0875745526838966,0.2280327285663465,0.529317697228145,0.2034707903780069,-0.5575798937497212,-1.6249604851698574
459,0.0518389662027833,0.0974742084667378,0.6636460554371003,0.1672164948453608,0.4934499843243625,-2.503080927260438
460,0.3196322067594433,0.5346851654215582,0.5988805970149255,0.5343642611683849,0.5892243923175755,0.2995351890985795
461,0.8394632206759444,1.0,0.515724946695096,0.9020618556701032,-0.4371342820901162,0.560412845379323
462,0.0863320079522862,0.2657417289220918,0.5319829424307037,0.1911683848797251,0.3228006731819492,-2.06864554309106
463,0.0883200795228628,0.1721807186054784,0.3198294243070362,0.2848109965635739,0.3166254775822182,-0.3095596226849152
464,0.1426441351888668,0.247954464603344,0.3163646055437101,0.359106529209622,-0.3327132612465484,1.5579009967597082
465,0.1408051689860835,0.2671647100675916,0.3592750533049041,0.4663230240549828,0.2088867448471463,-2.221467865599277
466,0.1744532803180914,0.2443970117395945,0.3582089552238807,0.4058419243986254,-1.0885053780561145,0.4791861497062026
467,0.0286729622266401,0.1145499822127357,0.3358208955223881,0.0859106529209622,-0.4257134562442615,2.3708223195950437
468,0.4980119284294235,0.4852365706154394,0.4490938166311301,0.6859106529209622,0.4940940238555302,3.803782881402668
469,0.2765407554671968,0.1931696905016008,0.3566098081023454,0.4865979381443299,-0.6713313454436907,-0.9550897920988506
470,0.075248508946322,0.1141942369263607,0.3624733475479745,0.2254295532646048,0.4627990320088919,0.1233533588691334
471,0.1181411530815109,0.2017075773745998,0.5679637526652452,0.1906185567010309,-0.0191039032187159,2.53691044293125
472,0.1600894632206759,0.3290643898968339,0.1652452025586354,0.3941580756013745,-0.873259531990701,1.625714746795429
473,0.0,0.1963713980789754,0.6937633262260128,0.0,-0.8544809047906701,1.1668943427330318
474,0.0780815109343936,0.1426538598363571,0.195362473347548,0.2737457044673539,0.1153168152430073,-0.1643950101170554
475,0.1529821073558648,0.2191390964069726,0.195362473347548,0.3361855670103093,0.7376681251161676,-0.6564551664048032
476,0.1519880715705765,0.3030949839914621,0.4061833688699361,0.4601374570446735,1.4973816302766831,0.6964287870490433
477,0.0665506958250497,0.256492351476343,0.2606609808102346,0.2138144329896907,-0.2715603903809486,0.7503130830682121
478,0.0978628230616302,0.1590181430096051,0.2633262260127931,0.255360824742268,1.72613007233648,1.2767329268457186
479,0.4569582504970179,0.3365350409107079,0.2939765458422175,0.6099656357388317,0.4352518364811756,-2.8908650387764943
480,0.0758946322067594,0.1924581999288509,0.4224413646055437,0.1955326460481099,-0.319726643381536,0.3270897558476351
481,0.102882703777336,0.3016720028459623,0.3837953091684436,0.2800687285223368,0.2387749226413099,-1.9893295892621103
482,0.2617296222664016,0.2454642475987193,0.167910447761194,0.4587628865979382,1.7613442678710745,2.312362836573363
483,0.1570576540755467,0.2500889363215938,0.306769722814499,0.3119243986254296,0.3104247573330413,-0.7972669227184058
484,0.3086978131212723,0.3230167200284597,0.0581023454157782,0.4989690721649484,-0.1308086353706958,-0.6953718683465615
485,0.2408548707753479,0.2081109925293489,0.2401385927505331,0.4611683848797251,-1.0537851621378536,-0.5464830580438937
486,0.1387176938369781,0.3034507292778371,0.357675906183369,0.2690034364261168,0.4253612557469111,2.498710706421038
487,0.5934393638170975,0.5702596940590537,0.4896055437100214,0.7079037800687286,0.912894030953794,-1.8168310839666004
488,0.1556660039761431,0.191746709356101,0.2550639658848614,0.3372852233676976,0.0260138191747482,2.7171064076424125
489,0.114662027833002,0.400213447171825,0.3875266524520256,0.3002405498281787,-0.4562686067600674,0.2141154102945306
490,0.0626739562624254,0.2219850586979722,0.5322494669509595,0.2176975945017182,0.0720799226553429,-0.5646407209467877
491,0.2076540755467197,0.4229811454998221,0.1705756929637527,0.2866323024054983,-1.06684318572154,1.1977183638454467
492,0.3857852882703777,0.4838135894699396,0.3742004264392324,0.5116838487972509,0.2126110685103557,1.164686757391757
493,0.0571073558648111,0.1871220206332266,0.1156716417910447,0.0920962199312714,0.5029428594490306,2.183765755089334
494,0.0624254473161033,0.2337246531483458,0.4381663113006397,0.1441580756013745,0.1289328948861878,1.5409472698866762
495,0.2460735586481113,0.2874421913909641,0.4386993603411515,0.3494845360824742,-0.7378634547653258,-1.2650736200311528
496,0.2521868787276342,0.2294557097118463,0.2699893390191897,0.4835051546391752,0.81124304561046,1.3425065652920352
497,0.1177435387673956,0.2180718605478477,0.3283582089552239,0.3618556701030928,-1.979416923323296,0.5855279251944536
498,0.4564115308151093,0.5272145144076841,0.2894456289978678,0.5714776632302406,0.147784476027812,-1.1558312673156526
499,0.5571570576540756,0.5667022411953042,0.4994669509594884,0.7261168384879725,0.7546031007178227,-0.724529126987258
500,0.3052683896620278,0.3141230878690858,0.2241471215351812,0.3498281786941581,1.8868919750969464,1.7521942161041284
501,0.3359343936381709,0.2874421913909641,0.5575692963752665,0.522680412371134,0.7490716067229255,0.9509976314704924
502,0.1629721669980119,0.2006403415154749,0.25,0.2890378006872852,0.0710032431376541,-1.531676224666747
503,0.4985089463220676,0.8132337246531484,0.3158315565031984,0.7780068728522337,1.6997364626033624,-0.1665816897810587
504,0.2610337972166998,0.0836001422981145,0.1162046908315565,0.352233676975945,1.4749552533130512,0.0202717454296823
505,0.3498011928429423,0.0949839914621131,0.1604477611940298,0.3694158075601375,1.0997672551900184,-1.771313739760114
506,0.1076540755467196,0.1860547847741017,0.3238272921108743,0.2779381443298969,-0.8423664316084838,2.39570527128534
507,0.2121272365805169,0.1337602276769832,0.232409381663113,0.3269415807560137,1.0787833069147486,1.2629843964880738
508,0.2267892644135188,0.3340448239060832,0.1529850746268657,0.4663230240549828,-0.0236052965663405,0.6955324242508392
509,0.4234592445328032,0.3265741728922092,0.6479211087420043,0.743298969072165,-0.0278897405278973,1.8297789729726217
510,0.1311630218687872,0.1607968694414799,0.1487206823027719,0.3628865979381444,-0.4834492554323746,-1.9072550077545112
511,0.1262922465208747,0.2732123799359658,0.1481876332622601,0.2733676975945017,0.3939605312739236,-1.5474422641931218
512,0.4061630218687873,0.3016720028459623,0.4701492537313433,0.7048109965635739,-1.5598206204536589,-0.0379960756828385
513,0.2161530815109344,0.3141230878690858,0.1391257995735607,0.3156701030927835,1.2113749896581063,-1.4372709485703663
514,0.2154572564612326,0.343294201351832,0.4275053304904051,0.3848797250859107,0.414971464490404,2.732733543795604
515,0.1289264413518887,0.1615083600142298,0.2934434968017058,0.2935395189003436,0.4781719764345135,1.3736321269101603
516,0.4697316103379721,0.495553183920313,0.3779317697228145,0.5189003436426117,2.327982759014101,-2.412398280507788
517,0.4687375745526839,0.5620775524724297,0.3520788912579958,0.5542955326460481,0.2566510170718311,1.86394080241456
518,0.2635685884691849,0.2532906438989684,0.3291577825159915,0.3766323024054983,-0.3884033935897593,1.6633438992096083
519,0.1488568588469185,0.231945926716471,0.2590618336886993,0.2764604810996564,0.3390518467251182,0.3539852696599017
520,0.1203280318091451,0.0939167556029882,0.1551172707889126,0.249553264604811,0.669106806851432,0.3251358163685088
521,0.7311133200795229,0.7822838847385273,0.3973880597014926,0.8505154639175259,-0.1078934521095045,-1.6611693233375786
522,0.0281510934393638,0.1422981145499822,0.3840618336886994,0.0973195876288659,-0.9439498453814192,-0.2330321944414133
523,0.1880218687872763,0.2554251156172181,0.3627398720682303,0.4412371134020618,2.014725784714928,1.7021251573215286
524,0.120079522862823,0.1177516897901103,0.2923773987206823,0.2243298969072165,0.1380000685492435,0.882421358010965
525,0.0750497017892644,0.0548914976876556,0.1713752665245202,0.2925085910652921,-0.4274613931391648,0.8489760699704187
526,0.1566600397614314,0.263963002490217,0.3502132196162047,0.4903780068728522,-0.1701296393943765,1.9066504786892624
527,0.1315606361829026,0.2020633226609747,0.1932302771855011,0.3676975945017182,-1.7605802338083725,0.7819392390638686
528,0.3287773359840954,0.2379935965848452,0.0895522388059701,0.3487972508591065,-1.398759688476094,-1.2805591926746702
529,0.139065606361829,0.1963713980789754,0.0999466950959488,0.2540549828178694,-1.3804412089501532,0.235763305451179
530,0.220675944333996,0.1981501245108502,0.4253731343283582,0.3470790378006873,-0.352134240474361,-0.0376636788392845
531,0.1072067594433399,0.1928139452152259,0.4474946695095949,0.2790378006872852,-1.343958027812355,0.2608856026885806
532,0.0934393638170974,0.2817502668089648,0.2180170575692964,0.299106529209622,1.9738036366305225,1.99158733113008
533,0.5044731610337972,0.544290288153682,0.4032515991471215,0.5542955326460481,0.8370073517909938,0.1816684733126041
534,0.1385685884691848,0.1312700106723585,0.3861940298507463,0.3388659793814433,-0.8449539969244121,2.0812811829044486
535,0.6570576540755468,0.5823550337958022,0.3587420042643924,0.7381443298969073,0.1443630367393727,-1.4393799158557128
536,0.3051192842942346,0.2618285307719672,0.5930170575692966,0.468041237113402,0.3696473607137397,-1.43301770819235
537,0.2251988071570576,0.1796513696193525,0.5375799573560768,0.4494845360824742,0.596024423622459,2.3010306974987382
538,0.0,0.0408039843472074,0.5037313432835822,0.0,0.3960416154275277,-0.9067960939059736
539,0.06779324055666,0.0266097474208467,0.5295842217484009,0.1718213058419244,-0.2018007519705101,-0.2441759469919832
540,0.1289264413518887,0.1540377090003557,0.2041577825159915,0.2377319587628866,0.9989836492551476,0.8170334499277172
541,0.1933399602385686,0.2949128424048381,0.5253198294243071,0.4140893470790378,1.1800704122424932,-0.3403720489936366
542,0.1504473161033797,0.3052294557097119,0.5402452025586354,0.3762886597938145,0.8463666070306316,-0.4889245855222592
543,0.1627733598409542,0.2290999644254713,0.670309168443497,0.2734707903780068,1.6918583257900917,0.8716914569145868
544,0.1177435387673956,0.2532906438989684,0.3392857142857143,0.2352233676975945,-4.382400805904435e-05,-3.9136590187828286
545,0.1214214711729622,0.263963002490217,0.4549573560767591,0.2465292096219931,-0.7616919823127144,1.1264737029868266
546,0.0273111332007952,0.1181074350764852,0.259861407249467,0.0818213058419244,-0.8953049073335069,2.040538903025262
547,0.1211729622266401,0.1031661330487371,0.2670575692963753,0.2863573883161512,-0.3890030316892269,1.1204161046863836
548,0.0477882703777336,0.1067235859124866,0.3616737739872068,0.1321649484536082,-1.3884322833708744,-0.2603991359498501
549,0.0405566600397614,0.1814300960512273,0.5178571428571429,0.1121649484536082,0.8579699679386545,3.682883534677532
550,0.0,0.1326929918178584,0.339818763326226,0.0,-1.901209014208912,2.597607310309039
551,0.1121769383697813,0.1454998221273568,0.4328358208955224,0.2203780068728522,0.9878281992304464,0.6698107202078364
552,0.0745029821073558,0.2113127001067235,0.6391257995735609,0.2232989690721649,-0.9620735207565916,-3.241239081524846
553,0.0637176938369781,0.068125222340804,0.3472814498933902,0.0881099656357388,0.0296635252872278,-1.5331247793443346
554,0.1164512922465208,0.2120241906794735,0.6321961620469084,0.223127147766323,-0.5650208615268629,-2.4493047483540487
555,0.1360834990059642,0.103521878335112,0.6100746268656716,0.3136426116838488,0.4283178330225776,0.5562811254089959
556,0.0554671968190854,0.0967627178939879,0.2894456289978678,0.076701030927835,0.2042228932117175,-0.809070042672237
557,0.0,0.0910707933119886,0.5922174840085289,0.0,-0.1033384618730791,3.2219958207949317
558,0.1856858846918489,0.2685876912130914,0.4064498933901919,0.3797250859106529,0.0494950353851976,-0.6907972145118437
559,0.2040258449304175,0.1618641053006048,0.670042643923241,0.3317182130584193,0.9873938795035508,-1.455614566966325
560,0.2139165009940358,0.2621842760583422,0.5636993603411515,0.3601374570446736,-0.0395889808471922,2.2641661384024547
561,0.0,0.1419423692636072,0.7004264392324094,0.0,-0.9789254251227574,-0.0293721416372434
562,0.4686381709741551,0.3411597296335824,0.8200959488272922,0.8096219931271479,-0.3341005322546443,-1.7131069579936715
563,0.7326043737574554,0.5819992885094273,0.4634861407249467,0.8735395189003436,0.5687003445917733,3.1695274107585525
564,0.6903578528827038,0.6232657417289221,0.3832622601279318,0.761512027491409,-0.3789280231665417,0.5103716233238811
565,0.4866302186878727,0.56065457132693,0.6990938166311301,0.5594501718213059,1.208081800729065,1.7700821322388116
566,0.2635188866799204,0.3930985414443259,0.5890191897654584,0.4872852233676976,-0.5406970038881627,1.3666572225553528
567,0.7554671968190855,0.6335823550337958,0.7302771855010662,0.9106529209621994,0.1474145843022053,1.8926131975902107
568,0.0,0.0542867307008182,0.4890724946695097,0.0,0.4562313017504663,1.4954116337496586
