,compactness_worst,compactness_worst,compactness_worst,compactness_worst,compactness_worst
0,2.4771662252233893,-0.84836884201563,-0.2647923897490056,0.3187840625176176,0.9023605147842424
1,0.6182534369512276,6.550927143814746,6.6665068228263635,6.7820865018379815,6.897666180849599
2,1.541500519059677,2.051346846188226,3.3818262283799774,4.712305610571729,6.042784992763481
3,3.256046802689408,1.409503426209462,2.5316201313552837,3.6537368365011065,4.775853541646928
4,0.6896605252689892,6.225743364832224,5.884391124794319,5.543038884756412,5.2016866447185075
5,1.93113484879355,3.027072713512979,3.497614701816487,3.9681566901199954,4.438698678423504
6,0.8937916581773728,-5.038152275341162,-5.290024460143796,-5.54189664494643,-5.793768829749064
7,1.323010352087396,2.9486769660344496,1.4643821566538628,-0.0199126527267236,-1.5042074621073112
8,1.9901233130560487,-4.324226180441486,-5.916046937449375,-7.507867694457264,-9.09968845146515
9,4.0,1.5267377040578585,0.5044400720642692,-0.5178575599293196,-1.5401551919229084
10,0.4960076064072336,-1.6362154557819573,-2.161314773138101,-2.686414090494244,-3.211513407850388
11,2.070844369415257,2.461380819035706,2.3359856256265124,2.2105904322173187,2.085195238808125
12,1.4087764744690552,-2.425835939735931,-3.945049694883256,-5.464263450030579,-6.983477205177904
13,0.6407621930513916,-4.734324074577424,-3.964435597097344,-3.194547119617266,-2.4246586421371856
14,2.892025885069515,8.827017583098916,10.544202373403774,12.261387163708628,13.978571954013486
15,2.446507747086959,4.0055658678832184,2.738331315911686,1.4710967639401535,0.2038622119686208
16,0.6201938469598623,-5.690810504841264,-6.610778612072604,-7.530746719303946,-8.450714826535284
17,1.5368435350389535,-1.1639680875605836,-0.87496046439709,-0.5859528412335973,-0.2969452180701032
18,1.1165507271686508,7.94655834298532,7.136306146405855,6.326053949826391,5.515801753246924
19,0.58216181079062,5.041114857367791,5.811241217678854,6.5813675779899175,7.3514939383009805
20,0.971408058522766,0.7984427537237804,1.2240156102354776,1.6495884667471747,2.0751613232588726
21,0.3396105597112668,2.2116821286616006,1.9267569324446652,1.6418317362277297,1.356906540010794
22,2.2047326600110604,1.9843409171276152,2.59714419655615,3.209947475984684,3.822750755413219
23,0.90310562621882,5.010924793849934,6.578618213912622,8.146311633975312,9.714005054038
24,1.2826498239077917,1.431699430920422,3.427087457191888,5.422475483463353,7.417863509734819
25,1.4266282465484956,0.1647480183890032,1.5567809356779412,2.9488138529668797,4.340846770255816
26,2.472121159200939,10.004420105181158,9.818590835893433,9.632761566605708,9.446932297317984
27,0.715662019384696,-6.023510109812295,-6.58359785189884,-7.143685593985384,-7.703773336071928
28,2.2652734522804665,-2.264741743077665,-4.190654565235209,-6.116567387392753,-8.042480209550298
29,0.9853790105849364,-0.8173486351896048,-2.689992917064374,-4.562637198939142,-6.435281480813911
30,1.5461575030804011,-4.406209295483006,-3.950345471619421,-3.494481647755838,-3.0386178238922534
31,2.1352659817019335,2.0428444549991536,0.8822194508996424,-0.2784055531998688,-1.4390305572993805
32,1.2752762658749792,3.5867188088114768,2.6041447358930485,1.6215706629746205,0.6389965900561924
33,2.45155281310941,3.791022446238341,2.5094371564768796,1.2278518667154188,-0.053733423046042
34,2.1465203597520155,3.340603973341552,4.927289145502921,6.513974317664289,8.100659489825658
35,1.3823868983516217,0.7757027408859936,1.8092173562305596,2.8427319715751262,3.876246586919691
36,1.5387839450475884,1.645459464039624,3.136062085829205,4.6266647076187875,6.117267329408368
37,0.073347498326396,-0.1358976484182664,-1.2738669399640332,-2.4118362315097994,-3.5498055230555656
38,0.0932172968148168,-0.1399316459213544,-2.0372807737032286,-3.934629901485101,-5.831979029266975
39,1.533738879025138,4.588508404978795,4.935645790811471,5.282783176644146,5.629920562476821
40,0.6869439512569004,-6.432832462833831,-6.848593651604657,-7.264354840375481,-7.6801160291463075
41,0.9411376623880624,0.39971356414705,2.1614413451583028,3.9231691261695536,5.684896907180806
42,2.7829748425842378,-2.4125767031729084,-2.074672427349833,-1.7367681515267572,-1.3988638757036815
43,1.3393097961599287,2.847157878250506,4.565275145419268,6.283392412588031,8.001509679756792
44,1.4091645564707824,1.7412756052844076,1.6837859890228992,1.6262963727613904,1.5688067564998824
45,1.8694298105189628,2.1028915994312842,3.9001668890940095,5.697442178756736,7.494717468419461
46,0.4207196980722024,5.897184766187074,7.292958987438747,8.68873320869042,10.084507429942093
47,1.5108420409232473,6.268904427814003,6.182385655973955,6.095866884133907,6.00934811229386
48,0.7307972174520476,-4.7498744258231085,-5.990482778212078,-7.231091130601045,-8.471699482990015
49,0.558100726683548,3.881662910325624,5.725001542577624,7.5683401748296255,9.411678807081627
50,0.2284250662164912,-2.6855175146539505,-3.75658094597018,-4.827644377286409,-5.898707808602638
51,0.5080381484607696,3.406799953967321,1.9945865355688213,0.5823731171703208,-0.829840301228178
52,0.239718252466746,-0.6783553517972164,-0.4488801865015488,-0.2194050212058808,0.0100701440897864
53,0.7855167796955496,-3.5717490143627924,-4.365354476439022,-5.1589599385152525,-5.9525654005914825
54,0.692377099281078,3.985127822759539,3.504835646360021,3.0245434699605025,2.544251293560985
55,0.2324999272346244,3.76740827206716,4.8770385194621735,5.986668766857186,7.096299014252198
56,1.2566483297920852,-1.7686777648709069,-2.9804606441283483,-4.192243523385788,-5.404026402643231
57,1.5589642091373908,1.4130200284076309,0.6402604265884152,-0.1324991752308,-0.9052587770500156
58,0.1343539889978752,-2.5833753399288746,-2.5433079306558737,-2.503240521382873,-2.463173112109872
59,0.3749260218684208,4.6819821064262666,6.507604997610063,8.333227888793857,10.158850779977652
60,0.2769741246325348,0.75510264489977,0.5895184919741135,0.4239343390484576,0.2583501861228004
61,0.5530556606610976,-4.108557176828749,-4.797675570600274,-5.486793964371798,-6.175912358143322
62,2.318440686517061,-2.1273865358758606,-0.29072012373497,1.5459462884059203,3.38261270054681
63,0.5452940206265584,-3.241728705736366,-2.9387240575568763,-2.635719409377387,-2.332714761197897
64,1.4700934307419156,1.7207414871699596,1.314478521648668,0.908215556127376,0.5019525906060848
65,1.2197805396280232,0.0097425798354244,1.8456734672893185,3.6816043547432127,5.517535242197107
66,0.5398608726023808,-2.206561402028341,-0.4893957328174856,1.22776993639337,2.9449356056042255
67,0.2491098369085388,-0.5842112892487136,-1.6532347721324867,-2.7222582550162593,-3.791281737900032
68,1.5880703592669132,-0.338032333923486,-1.3302683809391145,-2.322504427954743,-3.314740474970371
69,0.1681171231481212,7.520395390863891,7.994316428914884,8.468237466965876,8.942158505016865
70,0.8006519777629012,1.1376862815001247,1.0989076676950733,1.0601290538900223,1.0213504400849704
71,0.8394601779355976,-4.178145988438736,-3.5281277023080326,-2.8781094161773293,-2.228091130046625
72,2.7635707424978895,1.932947407373852,1.081153487052371,0.2293595667308896,-0.6224343535905912
73,1.2686788718456208,0.2298798675778952,-1.5860908888729168,-3.4020616453237293,-5.218032401774542
74,0.6093275509115073,1.7875637370036637,3.4073571192033714,5.027150501403079,6.646943883602786
75,0.6877201152603544,7.705575383071929,6.639256404944313,5.5729374268167,4.5066184486890855
76,0.4292575021101956,-3.9698343510151695,-4.453606766705455,-4.937379182395741,-5.421151598086027
77,2.0805464194584316,-1.8740494018629767,-2.656175772353699,-3.438302142844421,-4.220428513335143
78,2.2862298803737224,0.9164756388360285,2.3856332606858874,3.854790882535747,5.323948504385607
79,0.7249759874261428,2.5162665034810305,2.323553234160069,2.1308399648391076,1.938126695518146
80,0.5445178566231044,-9.661487299193098,-9.24501608310957,-8.828544867026043,-8.412073650942515
81,1.7533932920026003,0.7225415086935284,1.0914631837408757,1.4603848587882229,1.82930653383557
82,2.25207866422175,-0.1980030580198104,-0.591148916501416,-0.9842947749830212,-1.3774406334646268
83,0.9873194205935713,1.0528363069313749,2.055216398647325,3.057596490363276,4.0599765820792255
84,0.671420671187822,5.661675008483674,5.446217059120481,5.230759109757288,5.015301160394096
85,0.7047957233363408,2.2501851474098356,3.092298758299218,3.9344123691886,4.776525980077983
86,0.6609424571411936,-3.860575811243845,-4.729777207461699,-5.598978603679552,-6.468179999897407
87,1.1382833192653607,8.476039990483905,10.164485837552675,11.85293168462145,13.541377531690223
88,0.8499383919822256,0.2256346102709236,-0.6580935968146824,-1.5418218039002891,-2.4255500109858956
89,1.092877725063306,2.4487906907080803,4.244234773590111,6.039678856472139,7.835122939354168
90,0.5794452367785312,-3.128412442362101,-5.060925748881942,-6.993439055401783,-8.925952361921624
91,0.66909217917746,-0.556650694608054,-2.1676789920783555,-3.778707289548656,-5.389735587018959
92,0.3745379398666936,0.0970809174481692,-0.261712831791328,-0.6205065810308256,-0.9793003302703228
93,0.5736240067526268,-5.065484477047767,-3.5783415380257955,-2.0911985990038238,-0.604055659981852
94,1.5252010749871447,5.506363549982972,7.379509191160162,9.25265483233735,11.12580047351454
95,1.26751462584044,-0.9878049361390008,-1.7876892582352828,-2.5875735803315645,-3.387457902427846
96,0.2572595589448048,-1.7378373139407888,-1.0933672679083908,-0.448897221875992,0.1955728241564052
97,0.2617225019646648,0.2830726985421472,-1.4771501084595595,-3.2373729154612665,-4.9975957224629735
98,0.6124322069253232,-3.6079545596388822,-3.4921948435153496,-3.376435127391817,-3.2606754112682843
99,1.0684285589545068,2.2721799079470246,4.1902876252888595,6.1083953426306925,8.026503059972528
100,0.648135751084204,-1.8015088208882903,-1.890922809382626,-1.9803367978769617,-2.0697507863712974
101,0.3605669878045228,-5.50249450158778,-6.1525849745308205,-6.80267544747386,-7.452765920416901
102,0.2380106916591476,2.193208507570213,2.829914394970326,3.466620282370439,4.103326169770552
103,0.7874571897041844,0.8306737208737468,2.08288917386359,3.3351046268534326,4.587320079843275
104,0.4707822762949812,-0.9440155818185724,-2.353273268991743,-3.7625309561649134,-5.1717886433380835
105,1.4848405468075403,4.9328623996869,6.767826091913272,8.602789784139643,10.437753476366014
106,0.9263905463224376,8.140107826416449,9.8834361472836,11.626764468150755,13.370092789017908
107,0.6558973911187432,0.993797194642072,1.6208450284054203,2.247892862168768,2.8749406959321164
108,2.6095021878122844,3.3657662706124007,2.041867895129046,0.7179695196456908,-0.6059288558376636
109,0.746320497521126,-1.1162933793348024,0.8035559260344352,2.7234052314036727,4.643254536772909
110,0.579057154776804,-2.419045996107425,-2.819797436070102,-3.2205488760327787,-3.621300315995456
111,0.767276925614382,-7.044025943686131,-7.316985433068854,-7.589944922451577,-7.8629044118343
112,1.5213202549698752,5.737096224952415,5.884788229281977,6.0324802336115395,6.1801722379411
113,0.689272443267262,5.107919059072843,6.056936029458752,7.005952999844663,7.954969970230572
114,0.811518273811256,8.747692299030811,7.160884919371367,5.57407753971192,3.9872701600524754
115,0.8251011438717,4.64849958984974,4.108899098089779,3.5692986063298178,3.029698114569857
116,0.6232985029736784,-5.327418201459807,-6.435962929399887,-7.544507657339965,-8.653052385280045
117,1.632699789465514,-0.2430830695453484,-1.9784852210775297,-3.7138873726097104,-5.449289524141892
118,1.8053962802340136,0.4694461383748128,0.2950843997310792,0.1207226610873464,-0.0536390775563872
119,0.3605669878045228,-0.7236773049237484,0.4022410960148968,1.5281594969535433,2.6540778978921877
120,0.8216084058561572,-1.2136253800040273,0.2998646015159488,1.8133545830359248,3.326844564555901
121,0.7831882876851876,-2.9744212595132926,-3.4688646387358877,-3.963308017958483,-4.4577513971810765
122,1.5411124370579503,-3.4995775106032787,-3.402058266294399,-3.304539021985519,-3.207019777676639
123,0.5879830408165244,-1.2296507761912183,-2.515330903960593,-3.801011031729968,-5.086691159499343
124,0.8763279680996592,2.1212857749107243,2.1518279638737843,2.182370152836844,2.2129123417999033
125,0.418003124060114,5.213222028855837,6.722817185552316,8.232412342248793,9.742007498945274
126,1.013320914709278,1.9100854828400016,1.7440981511057816,1.5781108193715616,1.4121234876373416
127,0.7727100736385596,0.3567926795348156,-0.1362422526212372,-0.62927718477729,-1.1223121169333432
128,1.0129328327075509,0.4481395270533984,-0.8876691748616188,-2.2234778767766366,-3.5592865786916534
129,1.3924770303965228,2.500880258150532,3.8778201043626286,5.2547599505747264,6.6316997967868225
130,0.8972843961929156,0.1166161171850796,-1.257850487343068,-2.632317091871215,-4.0067836963993635
131,0.8231607338630652,-0.3909478840315984,-1.404720124786974,-2.41849236554235,-3.4322646062977253
132,1.0796829370045888,-4.259998964107048,-5.291284587602707,-6.322570211098364,-7.353855834594023
133,0.6504642430945656,-1.40477767524595,-1.8951513848904007,-2.3855250945348514,-2.875898804179302
134,0.7769789756575564,1.4069837904197011,2.486852535420056,3.566721280420411,4.646590025420768
135,0.4851413103588784,6.278394746277896,5.12813219145406,3.977869636630224,2.827607081806388
136,0.2930407195040312,-1.6587798214277367,-3.6565959618397543,-5.654412102251771,-7.652228242663789
137,0.5336515605747492,10.870779442064835,12.304129996601883,13.737480551138933,15.170831105675983
138,0.7339018734658632,1.0051846691669473,1.555033778655774,2.1048828881446005,2.6547319976334274
139,0.6011778288752412,2.7071765049525314,3.5673868948131995,4.427597284673867,5.287807674534536
140,0.1736666957728168,0.9300945772498868,2.4592292649263165,3.988363952602747,5.517498640279175
141,0.7618437775902044,-2.9048433581611617,-1.95572903930449,-1.0066147204478195,-0.0575004015911468
142,0.5895353688234324,-1.1006793065060605,-1.1666067967962257,-1.232534287086391,-1.298461777376556
143,0.882925362129018,0.6392673669166612,-0.0022084564185416,-0.6436842797537448,-1.2851601030889483
144,0.3687167098407892,3.798897327937581,3.7664662547709584,3.734035181604336,3.7016041084377145
145,0.8708948200754816,-3.586486473923358,-3.7989786181385616,-4.011470762353765,-4.223962906568968
146,1.4821239727954516,-3.2166479256617824,-4.056994127293961,-4.8973403289261395,-5.7376865305583165
147,0.8724471480823895,-0.2865396370944368,0.6570359501364949,1.6006115373674272,2.544187124598359
148,0.95549669645196,0.5256150930539104,0.7969990989639404,1.0683831048739707,1.3397671107840008
149,0.6019539928786952,-1.3474081548902093,-1.6806411272553656,-2.013874099620522,-2.347107071985678
150,0.3229230336370072,9.288003238910244,10.962189043671644,12.636374848433043,14.310560653194443
151,1.56672584917193,-5.811154286403889,-7.583645249822468,-9.356136213241047,-11.128627176659624
152,0.9698557305158576,-0.716524157354262,-1.3471546508536305,-1.9777851443529988,-2.6084156378523673
153,0.2422407854779712,2.6682197231864566,4.272868405783103,5.877517088379749,7.482165770976396
154,0.769605417624744,5.52237424255826,4.3898552429224225,3.257336243286585,2.1248172436507478
155,0.5879830408165244,-1.4930887976216944,-0.2129990541426876,1.0670906893363203,2.347180432815327
156,1.2516032637696344,5.352354127973984,4.261803924283991,3.171253720593998,2.0807035169040056
157,0.5577126446818212,5.641820361199461,4.985730530560482,4.3296406999215025,3.6735508692825234
158,0.372209447856332,-2.10595410014818,-2.94259047352121,-3.77922684689424,-4.6158632202672685
159,0.2159676339610556,-3.342885158888511,-1.7850935236250445,-0.2273018883615784,1.330489746901888
160,0.6283435689961288,-0.4048733799108096,-1.138870398096384,-1.8728674162819583,-2.606864434467533
161,0.6764657372102724,3.2579938470187164,1.9639914025749567,0.6699889581311969,-0.6240134863125616
162,1.3866558003706184,-2.908531993799146,-3.747539823559432,-4.586547653319719,-5.4255554830800055
163,0.8014281417663552,5.2964638146845715,5.5331589430913795,5.769854071498189,6.006549199904997
164,1.2845902339164263,1.1570990720837768,2.2420009239474172,3.3269027758110576,4.411804627674699
165,0.2819803824548124,0.3241691340304076,-1.2851253961786957,-2.8944199263877994,-4.503714456596902
166,0.381911497899506,1.9920618298500008,0.032316612474374,-1.9274286049012523,-3.8871738222768792
167,0.7164381833881496,-8.433228144843257,-10.310583951540384,-12.187939758237512,-14.06529556493464
168,1.3804464883429868,7.460879971900642,7.287694475342578,7.1145089787845155,6.941323482226451
169,0.5293826585557528,1.9312200649361324,2.94418054330484,3.9571410216735474,4.970101500042254
170,0.3854042359150488,-1.3896747671855272,0.0037063119744964,1.3970873911345207,2.790468470294545
171,0.4940671963985988,-0.6828011030195852,-2.410428706051159,-4.1380563090827325,-5.8656839121143065
172,1.2845902339164263,3.413482210709412,2.474695508857602,1.5359088070057911,0.5971221051539808
173,0.2138719911517304,5.583895721304337,6.494070159667338,7.4042445980303375,8.314419036393335
174,0.1576389091014928,-1.382182647285184,0.4946408395855568,2.371464326456298,4.248287813327038
175,0.1679618903474304,-0.1429488707364672,-1.2118581820120191,-2.280767493287571,-3.3496768045631224
176,1.0389343268232576,-4.249016617121546,-4.57446916284144,-4.899921708561334,-5.2253742542812285
177,1.7052711237884564,3.63269001678992,5.494756573339813,7.3568231298897055,9.2188896864396
178,0.0272821647214056,-6.960069383593036,-8.216478972171046,-9.472888560749057,-10.729298149327066
179,0.1054030716690436,1.5013194176022795,1.5840305835324937,1.666741749462708,1.749452915392922
180,1.4596152166952876,-1.2700867573661443,-0.7994588270891708,-0.3288308968121976,0.1417970334647752
181,2.837306322826013,0.3940092723719052,-1.124881347710216,-2.643771967792338,-4.162662587874459
182,1.2706192818542557,2.876885453585202,4.745105125894081,6.6133247982029575,8.481544470511839
183,0.5189044445091248,-1.3505113028372595,-0.03792484997048,1.2746616028962992,2.5872480557630793
184,1.1743749454259684,2.9253916671874207,2.678415455074235,2.431439242961049,2.1844630308478634
185,0.2895479814884884,6.42043335957338,5.471633184871336,4.5228330101692915,3.574032835467248
186,0.8429529159511404,6.668501141266019,8.075735472294992,9.482969803323964,10.890204134352937
187,0.2976977035247548,0.1807176140728608,0.5940095832358392,1.0073015523988176,1.420593521561796
188,0.282174423455676,1.7286501800098328,1.0504124704212083,0.3721747608325836,-0.3060629487560404
189,0.5344277245782032,2.287236491212686,3.4542821759341695,4.6213278606556525,5.788373545377136
190,3.5137332518361126,2.028345640129284,1.6164489692599804,1.2045522983906765,0.7926556275213728
191,0.2425124428791804,-5.34475386149516,-4.8088061762715295,-4.2728584910479,-3.7369108058242704
192,0.0,2.503130905952373,3.810351987428676,5.117573068904978,6.424794150381282
193,1.7204063218558083,6.004755374213616,7.575584031209543,9.146412688205467,10.717241345201394
194,1.697897565755644,4.027554415074643,5.72137656789107,7.415198720707496,9.109020873523924
195,0.4785439163295204,0.9652630372960348,1.7545840406162407,2.5439050439364475,3.333226047256653
196,1.1056844311202956,2.748155653650679,4.449735754820441,6.151315855990204,7.852895957159968
197,0.6558973911187432,5.4730659885410615,6.071202885242249,6.669339781943436,7.267476678644624
198,2.067739713401442,-0.4942842850624276,-1.0161901245038296,-1.5380959639452316,-2.060001803386634
199,1.4681530207332811,3.4238569776638137,3.0207465122954513,2.617636046927088,2.2145255815587257
200,0.6865558692551732,-4.793893003786107,-5.416736344990351,-6.039579686194596,-6.662423027398841
201,1.221332867634931,4.105798814949555,5.371482939806978,6.637167064664402,7.902851189521824
202,1.511230122924974,2.3567047479789878,0.9502204986884903,-0.4562637506020068,-1.862747999892504
203,1.9156115687244717,-1.182539136828916,-2.7080770633658524,-4.233614989902788,-5.759152916439724
204,0.8169514218354336,2.288254073639818,2.5535004958571377,2.818746918074457,3.083993340291777
205,1.1867935694812315,-5.444533312923166,-5.745117628116408,-6.045701943309649,-6.346286258502892
206,0.3780306778822364,-0.4763550713215924,-1.7991043091471897,-3.121853546972787,-4.444602784798383
207,0.4707822762949812,-0.9817844630525712,-0.9334615993574328,-0.8851387356622948,-0.8368158719671565
208,1.6024293933308107,5.82045123205867,7.642314965281794,9.464178698504917,11.286042431728042
209,0.7424396775038564,0.6139409720339164,2.2793022913802132,3.9446636107265105,5.610024930072807
210,1.0272918667714488,4.381433772781984,6.298579052738693,8.215724332695403,10.132869612652113
211,0.6236865849754052,4.388119069875021,2.5310897998769564,0.6740605298788916,-1.1829687401191735
212,0.48242473634679,-6.111441071813864,-6.908836437026796,-7.70623180223973,-8.503627167452661
213,0.5899234508251592,1.0314623519414468,-0.559270384508176,-2.150003120957799,-3.7407358574074223
214,1.4693172667384615,7.099588678420238,6.424664199591143,5.749739720762047,5.074815241932953
215,1.590010769275548,0.6678202268441772,1.9919446828256908,3.3160691388072023,4.640193594788716
216,1.0761901989890463,-1.5561462467685645,-2.3790815902498084,-3.202016933731053,-4.024952277212296
217,0.4362429781412812,-3.0464205546614003,-4.65517990874519,-6.26393926282898,-7.872698616912768
218,1.1495376973154428,-1.572904543416878,-2.903161265578721,-4.233417987740564,-5.563674709902406
219,1.4840643828040865,-1.7285219081398244,0.2484104247432232,2.2253427576262714,4.202275090509322
220,0.8542072940012224,1.438443000018724,2.9029818253176476,4.367520650616572,5.832059475915496
221,0.9411376623880624,-1.92474861025671,-1.6927990078181792,-1.4608494053796488,-1.2288998029411176
222,0.4529305042155404,6.548347954313532,6.659206856604995,6.770065758896458,6.880924661187922
223,1.632699789465514,0.9050516226506544,2.7021712228232224,4.49929082299579,6.296410423168358
224,0.402867925992762,3.1002795766466726,3.8458004966485646,4.591321416650456,5.3368423366523485
225,0.4859174743623324,-1.9683125271778643,-3.667203407846926,-5.366094288515989,-7.064985169185051
226,0.3415509697199016,7.514221477475523,8.58306174169191,9.6519020059083,10.720742270124685
227,1.3016658419924132,1.9008699471642507,1.0128297263461143,0.1247895055279776,-0.763250715290158
228,1.234527655693648,5.73541609156143,3.882181763039082,2.0289474345167333,0.1757131059943856
229,1.9676145569558845,1.0750821020529304,0.1722649174239364,-0.7305522672050576,-1.6333694518340516
230,1.4208070165225912,6.265163129779312,6.42535498455408,6.585546839328847,6.745738694103615
231,0.4498258482017248,-1.3545792815760695,-1.130046563774174,-0.9055138459722788,-0.6809811281703828
232,0.1612868799177264,-5.819461226089608,-3.8779469678211846,-1.9364327095527605,0.0050815487156624
233,0.9655868284968612,8.702573907447793,8.65116641511729,8.599758922786787,8.548351430456286
234,0.2633524463719184,-0.4327909763593316,-0.284110464564502,-0.1354299527696716,0.0132505590251572
235,0.4812604903416088,-8.25517867862118,-10.014866821368148,-11.774554964115115,-13.534243106862085
236,1.4953187608541687,-4.6954790311814385,-6.288060570188572,-7.8806421091957075,-9.47322364820284
237,0.7909499277197272,6.6973102685363015,8.689401419568703,10.681492570601106,12.67358372163351
238,0.835579357918328,2.0240593802968876,1.2085704739556609,0.393081567614434,-0.4224073387267924
239,1.3435786981789253,6.958280501513739,7.766190882178528,8.574101262843318,9.382011643508106
240,0.3951062859582228,1.6748141698798715,0.0907664800535532,-1.4932812097727648,-3.0773288995990837
241,0.1958649862715988,2.9154556725214498,2.849291665205543,2.7831276578896365,2.71696365057373
242,1.7755139661010373,-2.0654698302188095,-1.9136867136111992,-1.7619035970035892,-1.6101204803959797
243,0.4537066682189944,0.1619489467496268,1.4317620012222916,2.701575055694957,3.971388110167621
244,1.0459198028543433,3.761875959106648,5.133769144710985,6.505662330315322,7.877555515919659
245,0.2922645555005772,-1.1099172557767756,-1.2131780067222884,-1.316438757667802,-1.4196995086133144
246,0.479320080332974,-3.306851758484334,-4.1412964763367235,-4.975741194189112,-5.810185912041501
247,2.163984049829729,7.003053337363779,8.211327432946234,9.419601528528691,10.627875624111146
248,0.436631060143008,3.942226400312369,5.543696206729271,7.145166013146173,8.746635819563076
249,0.5080381484607696,-1.0379000839508048,-2.126936110561659,-3.215972137172513,-4.305008163783367
250,1.1250885312066436,3.9872598803452632,4.656118707491963,5.324977534638663,5.9938363617853625
251,0.3011904415402972,4.122000244615453,2.9139314443746325,1.7058626441338116,0.4977938438929916
252,2.205120742012787,2.9979611220477542,4.157439134484254,5.316917146920754,6.476395159357254
253,0.8274296358820616,8.971637285391651,9.938049714000943,10.90446214261024,11.870874571219536
254,1.120819629187647,3.428033557145274,5.1206696418402355,6.813305726535196,8.505941811230157
255,1.1600159113620707,-2.602558828523941,-1.7323208276738375,-0.8620828268237348,0.0081551740263696
256,1.9621814089317071,2.541152990026371,3.348296041769787,4.155439093513203,4.9625821452566194
257,1.6416256755052343,1.6409138307435176,1.9860231168259892,2.3311324029084606,2.676241688990933
258,1.9012525346605735,3.9119783903550394,3.569804529577758,3.2276306688004768,2.8854568080231955
259,2.0533806793375438,4.496907481142462,6.339973374922866,8.183039268703268,10.02610516248367
260,1.0369939168146227,0.7814137211901472,0.1418167056865916,-0.4977803098169628,-1.1373773253205188
261,0.4707822762949812,1.7002208992387573,2.589786974031703,3.4793530488246485,4.368919123617594
262,1.0067235206799197,6.919731255213506,7.880711245913332,8.841691236613158,9.802671227312985
263,0.5953565988493368,-7.653554955900272,-5.737511279896979,-3.8214676038936872,-1.9054239278903964
264,0.89029892016183,1.6489304321010605,0.1752344215656272,-1.298461588969806,-2.7721575995052383
265,0.9201812342948064,6.046562035692901,7.040986059011212,8.035410082329523,9.029834105647835
266,0.870118656072028,-0.0829418728267824,-0.4364360347930356,-0.7899301967592888,-1.1434243587255424
267,0.5654742847163604,-1.410118473804862,-2.9841372187206203,-4.55815596363638,-6.132174708552138
268,0.5957446808510636,-4.085497410873695,-4.513007749980027,-4.940518089086359,-5.368028428192691
269,0.8837015261324715,1.4429883205428893,-0.1081144161439564,-1.6592171528308024,-3.210319889517648
270,0.0895305177984108,-0.1373683313088456,1.4230778342343824,2.9835239997776117,4.54397016532084
271,0.4789319983312472,1.1163251660880351,2.6190942470277268,4.121863327967418,5.62463240890711
272,1.7277798798886204,2.760423949504009,1.1675050156821885,-0.425413918139632,-2.018332851961453
273,0.2577252573468772,-2.3674516981219598,-2.560223625784037,-2.7529955534461146,-2.945767481108192
274,0.5949685168476097,3.507489060026283,1.7738743889684876,0.0402597179106924,-1.6933549531471028
275,0.2188394407738352,-3.6868370737107585,-3.805551944366595,-3.9242668150224302,-4.042981685678267
276,0.1792550765976848,1.2332042064662616,1.058094214312474,0.8829842221586864,0.7078742300048988
277,0.3442675437319904,-2.160484651788,-1.3790987792298808,-0.5977129066717608,0.1836729658863576
278,0.1898885234450036,2.0539338813380708,1.5630096120011117,1.0720853426641528,0.5811610733271932
279,0.5631457927059984,2.9364743360724166,2.6615057234400092,2.386537110807602,2.1115684981751945
280,1.3847153903619835,0.3986339273496072,-0.2449877187407804,-0.8886093648311684,-1.532231010921556
281,0.2239621231966312,4.635055286263975,3.2112894506273437,1.7875236149907137,0.363757779354082
282,1.3490118462031029,2.297366408486796,2.5607467901616396,2.8241271718364835,3.087507553511327
283,1.7204063218558083,-2.8501871945395143,-4.718405400414585,-6.586623606289655,-8.454841812164727
284,0.7932784197300888,5.492387686418216,7.27411156798464,9.055835449551061,10.837559331117486
285,0.1511579396726528,-4.800639313764907,-5.984062211710001,-7.167485109655098,-8.350908007600191
286,0.9857670925866636,-2.7791310136213156,-1.0710487384757323,0.6370335366698504,2.3451158118154343
287,0.33922247770954,-2.0190787766035805,-3.35211245615813,-4.68514613571268,-6.018179815267229
288,0.6093275509115073,5.491398149064095,3.5895906151600054,1.687783081255916,-0.214024452648174
289,0.2708424290052488,-1.7849335344898891,-3.463139472340287,-5.141345410190684,-6.819551348041083
290,0.8534311299977684,-4.440406675234208,-3.2159100694724314,-1.9914134637106553,-0.766916857948878
291,1.0699808869614147,6.284093771574494,5.821186472543767,5.358279173513041,4.895371874482314
292,0.6966460013000744,2.6279390348314555,4.462068411811715,6.296197788791974,8.130327165772233
293,0.5763405807647156,-1.9688324313823,-1.3049927566060724,-0.641153081829844,0.0226865929463828
294,0.4653491282708036,7.577410547220384,7.484616002935824,7.391821458651266,7.299026914366707
295,0.3101163275800176,2.5422632665316955,1.2269514591523296,-0.088360348227036,-1.4036721556064016
296,0.1853867722249708,7.798458106843424,7.9741441060553635,8.1498301052673,8.32551610447924
297,0.2035490099057928,3.540364788679183,2.4174823294914534,1.2945998703037236,0.1717174111159936
298,0.735066119471044,1.9918819116442803,3.2358088380448944,4.4797357644455085,5.723662690846122
299,0.2283862580163188,0.4317727693422636,-0.4560262774528476,-1.3438253242479592,-2.231624371043071
300,1.4914379408368987,-1.7565049170422533,-2.4530855490270684,-3.1496661810118836,-3.846246812996699
301,0.7315733814555012,0.1138811063962792,0.6057543983094964,1.0976276902227136,1.5895009821359307
302,1.210078489584849,-3.7265497696907985,-5.67328531670493,-7.620020863719059,-9.566756410733191
303,0.2992500315316624,0.242191813416944,1.3784262712855604,2.514660729154177,3.6508951870227935
304,0.5883711228182512,0.892164698233326,0.826167331769166,0.7601699653050064,0.6941725988408464
305,0.4222720260791104,-4.152888915815018,-4.891028287146796,-5.629167658478572,-6.367307029810348
306,0.416450796053206,4.246013411323591,6.127514722672457,8.009016034021322,9.890517345370188
307,0.0971369250322592,-4.732816369602433,-4.294070509013947,-3.855324648425461,-3.4165787878369764
308,0.120577077936568,0.3219585002148676,0.100459940624548,-0.121038618965772,-0.3425371785560912
309,0.1210039681384676,-1.7784186128422912,-3.2458258466992187,-4.7132330805561455,-6.180640314413073
310,0.315937557605922,-1.4583896230227908,-2.068550950559401,-2.678712278096011,-3.288873605632621
311,0.1691261363526112,-0.3918647477604236,0.0408215949466936,0.4735079376538108,0.9061942803609292
312,0.7509774815418496,-2.632578287028858,-4.049213623545455,-5.465848960062052,-6.8824842965786495
313,0.525113756536756,5.718562545462196,4.052684899683464,2.386807253904732,0.720929608126
314,0.1955157124700448,3.9896368788556194,4.653442521873284,5.317248164890948,5.981053807908612
315,0.0863094371840768,-0.7019336013834808,-0.4682934951999612,-0.234653389016442,-0.001013282832922
316,0.1010177450495288,0.6156698513245876,1.6030050950660135,2.590340338807439,3.577675582548866
317,0.9663629925003152,0.3453994304844924,0.8135402730489923,1.2816811156134924,1.7498219581779924
318,1.3486237642013756,-0.821696192454002,-1.6809964799237127,-2.540296767393424,-3.3995970548631345
319,0.0769566609424568,-0.2837614086332968,-1.7647109183597716,-3.2456604280862456,-4.726609937812721
320,0.809965945804348,5.824838477109072,5.973400153442034,6.121961829774999,6.27052350610796
321,0.490574458383056,-5.294024142694882,-6.823840379670627,-8.353656616646372,-9.88347285362212
322,0.75990336758157,-2.8511553769738387,-3.0216005818305947,-3.19204578668735,-3.3624909915441066
323,1.6373567734862375,1.1254861777532568,2.043931709894668,2.9623772420360783,3.8808227741774903
324,0.6423145210582996,-1.59724219017609,0.173875448068684,1.944993086313458,3.716110724558232
325,0.3644478078217924,2.185786390121021,3.693068871723544,5.2003513533260675,6.707633834928591
326,0.3244753616439152,8.478799338010381,10.33563836447456,12.19247739093874,14.049316417402919
327,0.180885021004938,3.0464768607411115,1.6947688008609727,0.3430607409808352,-1.0086473188993033
328,1.0377700808180768,0.850749333321592,-0.6307744726113672,-2.112298278544327,-3.593822084477287
329,0.7152739373829688,-4.9958903759561215,-6.2905587460981645,-7.585227116240208,-8.879895486382251
330,1.63192362546206,-5.079328190302352,-5.71042286529851,-6.341517540294667,-6.972612215290825
331,1.156523173346528,-0.3024217991692368,1.1983766401760367,2.6991750795213094,4.199973518866584
332,0.2693289091985136,0.8234955249213765,0.7439267535021123,0.6643579820828484,0.584789210663584
333,0.2741799342201004,-4.557235641017431,-5.555153295348717,-6.553070949680001,-7.550988604011288
334,0.2453842496919596,3.6300838055346984,3.2982027703026726,2.9663217350706472,2.634440699838621
335,0.69082477127417,-2.63745581277629,-3.551254652750387,-4.4650534927244845,-5.378852332698582
336,0.6605543751394668,2.03744316766753,0.7600856538300672,-0.5172718600073948,-1.794629373844857
337,1.7673642440647708,4.254146099171452,2.501702774543035,0.7492594499146176,-1.003183874713799
338,0.438183388149916,4.484224224558705,3.06602478735417,1.6478253501496336,0.2296259129450976
339,0.9333760223535232,3.3937029244479717,2.9784411644292543,2.563179404410536,2.1479176443918186
340,1.20231684955031,3.3782648382053977,5.153575194497991,6.928885550790586,8.70419590708318
341,1.2197805396280232,0.9473141228161088,-0.8555448408896568,-2.6584038045954226,-4.4612627683011885
342,0.7517536455453036,-0.870124467846152,0.1262779587527272,1.122680385351606,2.119082811950486
343,1.236079983700556,-4.319747456495615,-3.647839166654744,-2.975930876813874,-2.3040225869730024
344,0.3268038536542768,6.70901302888507,7.562494650543312,8.415976272201553,9.269457893859792
345,0.5289945765540256,1.7323767804230543,1.002391577169796,0.2724063739165376,-0.4575788293367204
346,0.4187792880635676,-0.5450745328922828,-2.008006438020984,-3.470938343149685,-4.933870248278385
347,0.6737491631981836,4.981023813997972,4.162253103341228,3.3434823926844834,2.524711682027739
348,0.328744263662912,1.6682847477250284,3.461471754358081,5.254658760991132,7.047845767624185
349,0.62562699498404,8.133517374381196,9.470222400606144,10.806927426831091,12.143632453056039
350,0.1454143260470936,7.692768332671829,8.414249350252609,9.135730367833391,9.857211385414171
351,1.8523542024429764,6.24683159943438,4.983648825509688,3.7204660515849968,2.457283277660305
352,2.1981352659817017,9.082740047111201,10.364588690468697,11.646437333826189,12.928285977183684
353,0.8084136177974404,-4.68681956304948,-4.946998686941968,-5.207177810834456,-5.467356934726944
354,0.3815234158977788,2.5020917192171046,1.9660838251018276,1.4300759309865512,0.8940680368712745
355,0.6710325891860948,-3.2268168187752546,-4.767119418822327,-6.307422018869399,-7.84772461891647
356,0.9256143823189836,3.2030959366573377,3.3612423570958607,3.5193887775343833,3.677535197972907
357,0.2852790794694916,2.775845085852636,1.6749543994232945,0.5740637129939528,-0.5268269734353888
358,0.3784187598839632,6.166392485457553,7.6906589361635875,9.214925386869623,10.739191837575657
359,0.3011904415402972,-6.546800162509838,-7.435058733674003,-8.32331730483817,-9.211575876002335
360,0.0620155038759688,-2.539273928669112,-1.1675344914639836,0.204204945741144,1.5759443829462731
361,0.5410251186075616,9.852177661089701,10.020925477459572,10.189673293829449,10.358421110199322
362,0.6077752229045996,-4.613561503806345,-5.457934418376924,-6.302307332947503,-7.146680247518082
363,0.5456821026282852,-4.005997849141581,-4.827396881323393,-5.648795913505207,-6.4701949456870205
364,0.5445178566231044,1.638803101534932,2.166419686960639,2.694036272386346,3.2216528578120522
365,0.8161752578319796,5.120097242588243,5.143729179060599,5.167361115532953,5.190993052005307
366,1.2197805396280232,0.2091413083268132,1.2368826088110316,2.2646239092952505,3.29236520977947
367,0.7362303654762248,-2.2359683445791876,-1.655414210292547,-1.0748600760059064,-0.4943059417192668
368,0.52588992054021,-0.5617966755734256,-0.4494689639358808,-0.3371412522983356,-0.2248135406607908
369,1.40179099843797,1.7727456715984928,2.9385605914422106,4.104375511285928,5.270190431129646
370,1.7044949597850028,2.8429366509858864,1.71314549210604,0.5833543332261936,-0.546436825653652
371,0.5681908587284492,-2.518637717881194,-3.3044423152663653,-4.090246912651538,-4.876051510036708
372,0.9962453066332916,1.2550866413644015,0.3622662472343976,-0.5305541468956056,-1.4233745410256096
373,1.0796829370045888,2.6377709979465447,0.6597502691831956,-1.318270459580153,-3.296291188343502
374,0.7075122973484296,-0.5185851318261168,0.2281749874413272,0.9749351067087724,1.7216952259762164
375,0.8837015261324715,-1.2127673844738176,0.4408012493548104,2.094369883183439,3.7479385170120656
376,1.2985611859785973,-1.0191148260303715,-0.8478889510191172,-0.6766630760078628,-0.5054372009966088
377,0.4595278982448988,-2.391436492660307,-0.5390609318125976,1.313314629035112,3.1656901898828202
378,1.0986989550892103,3.5015616034833075,2.206688164043366,0.9118147246034256,-0.3830587148365152
379,3.533913515925915,3.0546506072402524,4.750163817285696,6.445677027331143,8.141190237376588
380,0.8367436039235088,-1.0424677903151724,-0.4901293994260372,0.0622089914630972,0.6145473823522324
381,0.6632709491515556,2.144546328201006,0.2072507924006612,-1.7300447433996828,-3.6673402792000274
382,1.1413879752791765,-1.795995118743818,-2.489454200239787,-3.1829132817357557,-3.8763723632317246
383,1.2884710539336963,0.4979365446239224,0.1875665236985808,-0.1228034972267604,-0.4331735181521024
384,0.936092596365612,-2.1215904914520403,-2.107479212322432,-2.093367933192824,-2.079256654063216
385,0.5076500664590428,5.423561786005634,4.406958993656969,3.3903562013083035,2.3737534089596384
386,0.8375197679269628,-1.1762169309000952,-2.725063871576147,-4.273910812252199,-5.822757752928248
387,0.3725975298580588,-4.401451680232775,-4.395085796469704,-4.388719912706634,-4.382354028943563
388,0.9842147645797557,-5.129478519635702,-6.368436483942372,-7.607394448249043,-8.846352412555714
389,0.8309223738976044,1.5871989001929827,3.1577581123822687,4.728317324571553,6.29887653676084
390,0.5344277245782032,4.229881141782519,5.971852197268205,7.713823252753891,9.455794308239577
391,0.4024798439910352,-5.004999407511997,-6.099034295747911,-7.193069183983824,-8.287104072219737
392,1.4126572944863247,6.422235462794127,8.321384505732967,10.220533548671808,12.119682591610644
393,2.1127572256017695,-3.2520166414961795,-3.7296851698150415,-4.207353698133902,-4.685022226452764
394,0.58216181079062,5.221987724087636,4.273552432129678,3.3251171401717228,2.376681848213767
395,0.3718213658546048,-2.6546698357274785,-3.166930716331203,-3.679191596934928,-4.191452477538652
396,0.8914631661670108,6.250326260837969,6.108287673721337,5.966249086604707,5.824210499488077
397,0.5972970088579715,1.1806420767441623,2.9698764040771257,4.75911073141009,6.5483450587430525
398,0.6232985029736784,-1.1246726935466356,-1.9733376449863436,-2.822002596426052,-3.67066754786576
399,0.5639219567094524,-0.2215777351807132,-0.115240695189362,-0.0089036551980104,0.0974333847933408
400,2.1903736259471627,5.960553603285982,7.806854180486307,9.653154757686634,11.499455334886962
401,0.5053215744486808,0.9059037622540628,1.9963203367852729,3.0867369113164833,4.177153485847692
402,0.793666501731816,4.5249515120730495,3.2964743231048432,2.0679971341366366,0.8395199451684296
403,0.6539569811101084,0.1946236879167164,1.771313749088604,3.3480038102604914,4.92469387143238
404,0.1558149236933764,2.3308102946203926,3.5719733468981367,4.81313639917588,6.054299451453626
405,0.5320992325678412,-5.875523636884448,-4.240017431993229,-2.6045112271020088,-0.9690050222107868
406,0.5623696287025448,-2.15817574313607,-2.218554642339921,-2.278933541543772,-2.339312440747623
407,0.6454191770721152,-1.01071491430338,-0.7724327778242436,-0.5341506413451071,-0.29586850486597
408,1.3435786981789253,-5.427671181162663,-6.1752756542187015,-6.922880127274741,-7.67048460033078
409,0.5906996148286132,1.9887907517904184,2.983413635722977,3.9780365196555345,4.972659403588095
410,0.523561428529848,-7.327007084581792,-6.831535482272683,-6.336063879963572,-5.840592277654462
411,0.4692299482880732,-0.0604796348708172,-0.2180926402528148,-0.3757056456348124,-0.53331865101681
412,0.626403158987494,-3.672869718741447,-5.27748591123383,-6.882102103726211,-8.486718296218596
413,1.192226717505409,-1.0628205684011491,0.1128129639938912,1.2884464963889328,2.4640800287839726
414,0.2769741246325348,3.7648316250739686,4.171365608206555,4.577899591339141,4.984433574471727
415,0.7428277595055836,4.588201792068941,4.4748580568887375,4.361514321708532,4.24817058652833
416,0.3570742497889804,1.5898511206292223,0.5321199226491216,-0.5256112753309788,-1.5833424733110797
417,1.4471965926400248,-8.524986766407258,-9.276502705280459,-10.02801864415366,-10.779534583026859
418,0.5177401985039436,4.112919086085749,5.560146315842108,7.007373545598467,8.454600775354825
419,0.3240872796421884,-6.072432639440188,-6.927842223453771,-7.783251807467353,-8.638661391480937
420,0.645807259073842,2.010844378422643,1.4798500286633247,0.9488556789040063,0.4178613291446884
421,1.3047704980062285,2.72133385897677,3.1374415924148087,3.553549325852847,3.969657059290886
422,0.7362303654762248,4.757553359049495,4.6179204956245306,4.4782876321995655,4.338654768774601
423,1.1231481211980092,5.406668555887587,7.298403025008444,9.1901374941293,11.081871963250155
424,0.4187792880635676,1.0038063570248836,2.2787626944140436,3.553719031803203,4.8286753691923625
425,0.16939779375382,2.5580152980286934,3.5865344092649556,4.6150535205012195,5.643572631737481
426,1.056786098902698,1.6499411181230648,3.0838513925304816,4.517761666937898,5.951671941345316
427,0.5522794966576436,0.2462633238709076,-0.0692936405767688,-0.3848506050244464,-0.7004075694721223
428,0.1354406186027104,-8.802892762202497,-10.243972156043434,-11.68505154988437,-13.126130943725304
429,0.2668451843874608,0.9942270298425748,1.9675879324372332,2.9409488350318926,3.9143097376265503
430,2.645593813972892,3.722199708865409,4.930791524816589,6.139383340767772,7.347975156718952
431,0.914360004268902,-7.029745945012237,-6.953350187684783,-6.876954430357328,-6.800558673029873
432,1.035829670809442,1.2455681958972231,-0.1349541414848604,-1.5154764788669433,-2.8959988162490276
433,1.2380203937091907,-6.443384131589902,-5.350055250110355,-4.256726368630806,-3.1633974871512596
434,0.4956195244055068,-4.031590899685184,-4.187214898471755,-4.342838897258327,-4.498462896044896
435,1.278769003890522,-2.4252737041257144,-2.6035281462680957,-2.781782588410477,-2.9600370305528583
436,0.5352038885816572,9.02860223675378,9.47454353241966,9.920484828085538,10.366426123751417
437,0.3799710878908712,3.867620692053848,3.8621781030140094,3.8567355139741712,3.8512929249343326
438,0.336893985699178,4.223567476704266,4.013581236617074,3.8035949965298816,3.5936087564426895
439,0.2887718174850344,-8.051129676378446,-9.743637701368929,-11.436145726359408,-13.128653751349889
440,1.478243152778182,0.6177546882806048,-0.165442608331918,-0.9486399049444416,-1.7318372015569647
441,1.4937664328472604,3.6330653969511366,4.280860325645262,4.928655254339389,5.576450183033515
442,0.3097282455782904,-0.294632067855372,-1.4609760110469383,-2.627319954238505,-3.793663897430072
443,0.1479756672584916,2.263372743150741,2.7200727526061064,3.1767727620614714,3.633472771516837
444,0.9287190383327996,7.874055964729609,7.535635794767717,7.1972156248058266,6.858795454843935
445,0.6011778288752412,-0.9731062750280812,0.3326153462318328,1.6383369674917467,2.9440585887516617
446,1.3540569122255532,1.8023064481917483,3.6140536264358256,5.4258008046799056,7.237547982923984
447,0.624074666977132,1.1873584829508084,1.4675459953218788,1.7477335076929497,2.0279210200640203
448,0.9221216443034412,2.3232947124907173,3.3354642727668486,4.3476338330429805,5.359803393319112
449,1.0975347090840295,-0.1786382098207228,-1.8740575610146024,-3.569476912208482,-5.264896263402361
450,1.2131831455986648,2.3159885101048587,2.3138344665311568,2.3116804229574557,2.3095263793837537
451,0.6101037149149612,2.212579920157304,3.968962758355459,5.725345596553614,7.481728434751771
452,0.614372616933958,-0.9635528460264268,-0.5138518496394896,-0.064150853252552,0.3855501431343848
453,0.4676776202811652,-1.6212569285599896,-1.7344846490574624,-1.847712369554935,-1.9609400900524072
454,0.4828128183485168,9.359636288359017,9.219324963149665,9.079013637940315,8.938702312730964
455,0.4455569461827284,6.729897440563815,6.602783417436358,6.475669394308901,6.348555371181444
456,0.6822869672361768,-2.359048750643645,-3.1339723699726507,-3.908895989301656,-4.683819608630662
457,0.3066235895644748,-4.497682276946032,-5.349601391582095,-6.2015205062181575,-7.05343962085422
458,0.3182660496162836,-1.302170795448904,-1.5647903546549755,-1.8274099138610471,-2.090029473067119
459,0.3244753616439152,7.965475323543866,7.762952035388176,7.560428747232483,7.3579054590767905
460,0.8425648339494132,-3.61172790987306,-4.2508029726052765,-4.889878035337496,-5.528953098069714
461,1.5457694210786737,-2.619472562068389,-3.99642225577472,-5.373371949481051,-6.750321643187382
462,0.46069214425008,3.818466991646441,3.134531626540767,2.4505962614350922,1.7666608963294184
463,0.5957446808510636,1.3285248358645243,0.8051696162894032,0.281814396714282,-0.2415408228608388
464,0.6566735551221972,5.318844721444472,3.6916946176258487,2.064544513807225,0.4373944099886016
465,2.085203403479155,1.5925204837443636,2.36968643264986,3.1468523815553566,3.9240183304608527
466,1.2713954458577097,-6.541654091736532,-7.427778243459067,-8.313902395181604,-9.20002654690414
467,0.381135333896052,-1.784446961446448,0.0705484670377376,1.9255438955219235,3.7805393240061087
468,1.7510647999922384,2.1583783973310027,1.4680240135417324,0.777669629752462,0.0873152459631916
469,1.0109924226989164,-0.4860703810323828,-1.9940033443264056,-3.5019363076204293,-5.009869270914452
470,0.4925148683916908,-1.425514616035142,-2.115017219827239,-2.8045198236193354,-3.4940224274114327
471,0.2715409766083572,0.2200217142104056,-1.708986449542546,-3.6379946132954974,-5.56700277704845
472,0.9772292885486704,-4.497486910455696,-5.417931628198155,-6.338376345940615,-7.258821063683073
473,0.096399569228978,-2.484787631976754,-1.0994613996704032,0.2858648326359472,1.6711910649422983
474,1.4068360644604203,-1.2437717258358192,-1.6411420790764015,-2.038512432316984,-2.435882785557566
475,0.9069864462360896,-2.653405427464804,-2.8626922636248744,-3.071979099784945,-3.2812659359450156
476,1.2248256056504736,11.451730524509314,12.328996797455051,13.206263070400787,14.083529343346523
477,0.6725849171930028,-4.172977310433606,-2.7273537278675226,-1.2817301453014387,0.1638934372646444
478,0.6741372451999104,-0.8681066350282344,-1.541698052359712,-2.2152894696911893,-2.888880887022667
479,1.6257143134344287,0.3981307875126836,-0.0134212485030496,-0.4249732845187836,-0.8365253205345164
480,0.778531303664464,0.5462241020683916,1.681846011208528,2.8174679203486654,3.9530898294888015
481,0.4432284541723664,5.341373933604812,4.478304848966768,3.6152357643287223,2.752166679690678
482,0.8639093440443965,1.1871344683146785,0.6780814740651048,0.169028479815532,-0.3400245144340416
483,0.416450796053206,0.3991463746405372,0.9930198068362152,1.5868932390318933,2.180766671227571
484,1.0501887048733396,-2.2044913237712604,-2.490562705814323,-2.776634087857386,-3.0627054699004477
485,1.4700934307419156,-4.318337566198753,-6.217496891033352,-8.116656215867954,-10.015815540702553
486,0.6974221653035284,-2.143106861546789,-0.404865363426716,1.3333761346933573,3.071617632813429
487,1.3396978781616555,-1.041049078603358,-1.7689279219611396,-2.496806765318921,-3.2246856086767024
488,0.4672895382794384,-1.180950613618739,-1.9763298180296327,-2.7717090224405263,-3.5670882268514204
489,1.0272918667714488,3.4507883394916803,3.4224753394799095,3.3941623394681386,3.3658493394563678
490,0.594192352844156,-2.6687414766431985,-0.8343978351928856,0.9999458062574264,2.8342894477077403
491,0.2812430266515312,-0.5151352963632432,-1.971164536396813,-3.427193776430383,-4.883223016463952
492,0.7971592397473584,3.3296395913291055,2.6799217358332243,2.0302038803373432,1.380486024841462
493,0.1454531342472664,2.033014240288815,2.465783775476912,2.898553310665008,3.331322845853105
494,0.5328753965712952,1.6966619295305592,3.0953532359655775,4.494044542400594,5.892735848835613
495,0.4327502401257384,7.33862216764758,6.461448529944115,5.58427489224065,4.707101254537185
496,1.3851034723637103,2.8964423806849933,0.9962248999307668,-0.9039925808234588,-2.804210061577686
497,0.8666259180564851,0.7603098833595716,-1.1367390143079672,-3.0337879119755065,-4.930836809643044
498,1.092877725063306,3.256029184381752,4.774755354733484,6.293481525085217,7.812207695436947
499,1.290023381940604,1.7572308308031657,2.546832344266229,3.3364338577292925,4.126035371192356
500,0.7385588574865868,-2.1720676349172985,-3.5077592805436266,-4.843450926169955,-6.179142571796283
501,1.433225640577854,0.3384111957115404,0.7518015759363404,1.1651919561611404,1.5785823363859408
502,0.5736240067526268,2.3817997034349707,4.23619748101452,6.09059525859407,7.94499303617362
503,1.3008896779889592,0.8985634803870556,1.4350147000768327,1.9714659197666096,2.507917139456387
504,1.2294825896711976,4.7385669876014385,6.358339840788729,7.978112693976023,9.597885547163315
505,1.315636794054584,4.088875491381655,4.493517825581792,4.898160159781927,5.302802493982064
506,0.7925022557266348,9.556316460318836,8.87921632229738,8.202116184275923,7.525016046254466
507,0.6822869672361768,9.106230043120561,8.890120685522003,8.674011327923447,8.457901970324889
508,0.4222720260791104,4.437200818080818,6.18465212031824,7.932103422555664,9.679554724793086
509,1.821695724306546,2.033152799694201,1.474145434943405,0.91513807019261,0.3561307054418136
510,0.978005452552124,5.003526460897145,5.444378694245096,5.885230927593045,6.326083160940995
511,0.2864433254746724,1.5076211447895824,1.7099368173293588,1.912252489869135,2.1145681624089114
512,1.390536620387888,8.951676698706084,8.480219659516445,8.008762620326804,7.537305581137168
513,0.6423145210582996,-6.406775141839604,-7.415066228824944,-8.423357315810282,-9.43164840279562
514,0.7094527073570644,5.099737810196574,5.071805227147889,5.043872644099204,5.015940061050518
515,0.504933492446954,-5.716466579993982,-6.617089003136936,-7.517711426279892,-8.418333849422847
516,0.878268378108294,0.9729968330503956,2.1619483996238156,3.350899966197235,4.539851532770656
517,1.1782557654432384,-0.2111699552009468,0.2323209389647976,0.6758118331305424,1.1193027272962872
518,1.0432032288422544,-0.7216723070919489,0.7635163417162516,2.2487049905244527,3.7338936393326536
519,0.6621067031463748,9.01796168376532,8.113134128360484,7.208306572955648,6.3034790175508135
520,0.7079003793501564,-4.323032664683068,-5.513543444939147,-6.704054225195226,-7.894565005451305
521,1.5193798449612403,0.3717103203549948,-0.1113466618194412,-0.5944036439938776,-1.077460626168314
522,0.193808151662446,-1.5826709348200731,-0.0199213671645596,1.5428282004909528,3.1055777681464667
523,0.8899108381601032,-7.276758282011674,-8.498460184982848,-9.72016208795402,-10.94186399092519
524,0.7645603516022932,-2.7357147086381848,-2.3141527866300398,-1.8925908646218947,-1.4710289426137495
525,0.7614556955884776,-1.6732882673491896,-2.9627591070467547,-4.25222994674432,-5.541700786441885
526,1.1064605951237496,4.768336904368168,3.3335931035518493,1.898849302735531,0.4641055019192128
527,0.6989744933104364,-1.4077075507854948,0.1677630574843344,1.7432336657541647,3.318704274023993
528,0.4234362720842912,-3.6246409683464687,-4.928310924131807,-6.231980879917144,-7.53565083570248
529,0.527442248547118,-3.251493401910002,-4.2766444974839315,-5.301795593057857,-6.3269466886317876
530,0.613596452930504,-0.3515768703525196,-0.01364489529543,0.3242870797616592,0.6622190548187488
531,1.0443674748474352,-0.7883322341320392,-1.8261525578764417,-2.8639728816208443,-3.901793205365246
532,0.5010526724296844,0.704111855029256,1.2404761786155265,1.7768405022017968,2.3132048257880675
533,0.8774922141048404,-8.814290553063577,-8.205262813154931,-7.596235073246286,-6.98720733333764
534,0.8681782460633928,-3.0986815624437867,-4.000302763162642,-4.901923963881498,-5.803545164600354
535,1.1107294971427464,0.6399886959091968,0.8103927763901592,0.980796856871122,1.151200937352084
536,0.954720532448506,2.0317721392027077,1.7128094975962092,1.3938468559897104,1.074884214383212
537,1.155747009343074,4.212612788818195,3.7119749356722975,3.2113370825264,2.7106992293805017
538,0.217752811169,7.935617926937909,9.579551339587937,11.223484752237962,12.867418164887987
539,1.0831756750201316,-0.7712396460371324,0.482935071098846,1.7371097882348252,2.9912845053708033
540,0.7160501013864228,2.3106570883992226,0.9334601689786892,-0.4437367504418436,-1.8209336698623768
541,1.524812992985418,-0.0844886084631512,-2.05953754267631,-4.034586476889468,-6.009635411102627
542,0.4280932561050148,-1.0808873326006732,-1.8157194772622536,-2.550551621923834,-3.285383766585414
543,0.4300336661136496,-3.647479383828629,-1.6991397698840345,0.2491998440605608,2.1975394580051546
544,0.6846154592465388,0.089938751065974,1.9395257008659477,3.789112650665921,5.638699600465895
545,0.4828128183485168,0.6259732477740496,1.7242389445805115,2.8225046413869745,3.920770338193435
546,0.2372345276556936,-2.0256483105966474,-3.626016015676405,-5.226383720756163,-6.826751425835921
547,0.7657245976074744,-0.1509146004065908,0.1173728191721724,0.385660238750936,0.6539476583296996
548,0.264555500577272,3.670777288234491,4.92741208838444,6.184046888534386,7.440681688684334
549,0.5278303305488448,-2.931253723643773,-2.3222729713371395,-1.7132922190305064,-1.1043114667238727
550,0.1792550765976848,-4.488165733149579,-5.652859234014642,-6.817552734879704,-7.982246235744767
551,0.5856545488061627,0.8998805249405823,-0.4587068935374648,-1.8172943120155127,-3.1758817304935594
552,0.3070116715662016,-8.467668136238157,-9.804253521534804,-11.140838906831457,-12.477424292128102
553,0.2161228667617464,4.6901968015546736,5.232905857078042,5.775614912601409,6.318323968124776
554,0.5227852645263944,3.440478906678438,3.4232785974104583,3.4060782881424783,3.388877978874499
555,0.5577126446818212,6.651656002177624,7.158203009147824,7.664750016118024,8.171297023088224
556,0.3597908238010688,-2.055997463468195,-2.497658348757314,-2.939319234046433,-3.380980119335552
557,0.1718815185648728,1.0695574707497009,0.2540643801592828,-0.5614287104311348,-1.3769218010215527
558,1.1247004492049169,1.8847246296166769,0.0024655778621216,-1.8797934738924325,-3.7620525256469888
559,0.8708948200754816,-0.0186067814538212,-0.7967148609562744,-1.5748229404587275,-2.35293101996118
560,0.7727100736385596,-3.294401804620301,-3.948999183432597,-4.603596562244894,-5.258193941057191
561,0.1073046734775056,0.423925717495208,2.005113064511775,3.5863004115283426,5.167487758544909
562,2.966537629401092,10.455558192015042,10.673273101584687,10.890988011154336,11.108702920723978
563,1.5186036809577863,3.2996383092344175,4.156598208641944,5.0135581080494696,5.870518007456996
564,0.714109691377788,-4.948431566432822,-4.518972279526253,-4.089512992619683,-3.6600537057131137
565,0.6399860290479376,5.811302346696821,6.939843800394485,8.068385254092147,9.196926707789812
566,1.0948181350719408,0.7258609071850572,2.6292465604469486,4.53263221370884,6.43601786697073
567,3.2630322787204933,-1.2574152679884036,-1.5822613288464429,-1.9071073897044812,-2.231953450562521
568,0.1441724636415672,-2.5688521627865297,-4.47633861608365,-6.38382506938077,-8.29131152267789
